State,LGA,Site Name,Latitude,Longitude,Individuals
Adamawa,Demsa,Bille,9.263147,11.901162,552
Adamawa,Demsa,Bille,8.89807,12.3030361,480
Adamawa,Demsa,Gejembo,9.26549,11.899502,252
Adamawa,Demsa,Tikka,9.556226,12.253704,480
Adamawa,Demsa,Borrong B,9.535633,12.175444,2226
Adamawa,Demsa,Borrong A,9.536868,12.180862,2418
Adamawa,Demsa,Lasala,9.56044,12.18448,426
Adamawa,Demsa,Borrong A,9.538987,12.178646,1308
Adamawa,Demsa,Demsa,9.456486,12.154671,348
Adamawa,Demsa,Demsa,9.42646,12.13402,774
Adamawa,Demsa,Kodomun,9.45753,12.22877,2190
Adamawa,Demsa,Kedemun,9.457918,12.229334,510
Adamawa,Demsa,Kwayine,9.39895,12.3643,660
Adamawa,Demsa,Mugarang,9.459728,12.177998,762
Adamawa,Demsa,Dilli,9.534999,12.161227,444
Adamawa,Demsa,Loh,9.50061,12.10531,420
Adamawa,Demsa,Dong,9.40498,11.93362,3174
Adamawa,Demsa,Dong,9.40353,11.91831,4764
Adamawa,Demsa,Lawaru,9.385248,11.938075,918
Adamawa,Demsa,Dwam,9.4528,12.06758,294
Adamawa,Demsa,Dwam Dakanta,9.45328,12.06498,312
Adamawa,Demsa,Gwamba,9.60258,12.19187,1830
Adamawa,Demsa,Sundi,9.60257,12.19183,1266
Adamawa,Demsa,Gwamba,9.61466,12.19273,1224
Adamawa,Demsa,Kpasham,9.30257,11.76324,1242
Adamawa,Demsa,Kpasham,9.30061,11.76293,834
Adamawa,Demsa,Bajiye I,9.30066,11.76239,960
Adamawa,Demsa,Mbula Kuli,9.51105,12.1929,348
Adamawa,Demsa,Bajifang,9.51182,12.20143,378
Adamawa,Demsa,Nasarawo Demsa B,9.43301,12.13055,360
Adamawa,Demsa,Nasarawo Demsa,9.45024,12.04767,390
Adamawa,Demsa,Nassarawo Demsa (Dowaya),9.1746168,12.1954496,858
Adamawa,Fufore,Ang. Tike,9.06542,12.66419,113
Adamawa,Fufore,Panire,9.07023,12.66263,35
Adamawa,Fufore,Mararraban Wuro Ardo,9.15618,12.59884,187
Adamawa,Fufore,Gashiga,9.57651,12.9007,38
Adamawa,Fufore,Dadin Kowa,9.58291,12.91652,32
Adamawa,Fufore,Fattude Lawan,9.57978,12.91659,11
Adamawa,Fufore,Yelwa,9.5527,12.78224,35
Adamawa,Fufore,Wuro Ahi,9.21765,12.6543,169
Adamawa,Fufore,Mar Gire,9.21804,12.64191,93
Adamawa,Fufore,Fufore Camp,9.20771,12.67751,1068
Adamawa,Fufore,Wuro Ahi,9.21765,12.6543,387
Adamawa,Fufore,Wuro Kesum,9.09661,12.87983,101
Adamawa,Fufore,Ngongre,9.11495,12.8832,31
Adamawa,Fufore,Anguwan Tivi,9.10845,12.88559,105
Adamawa,Fufore,Wuro Yolde,9.11392,12.86973,51
Adamawa,Fufore,Hirnange,9.11014,12.88028,43
Adamawa,Fufore,Kohi Manga,9.14598,12.35287,594
Adamawa,Fufore,Nyibire,9.37723,12.70282,203
Adamawa,Fufore,Daware Camp,9.41825,12.59718,3175
Adamawa,Fufore,Anguwan Mumuyawa,9.4212,12.5971,603
Adamawa,Fufore,Dulo Fulani,9.29598,12.79633,538
Adamawa,Fufore,Kolere,9.29717,12.71503,39
Adamawa,Fufore,Ngurore,9.30652,12.72032,59
Adamawa,Ganye,Gamu,8.267427,12.068349,76
Adamawa,Ganye,Tsohan Kasuwa,8.4316,12.053114,61
Adamawa,Ganye,Tudun Wada,8.457648,12.039876,70
Adamawa,Ganye,Anguwan Jada,8.445773,12.045286,73
Adamawa,Ganye,Ganye 1,8.451662,12.051298,77
Adamawa,Ganye,Luggere,8.432025,12.063586,30
Adamawa,Ganye,Gangaraso,8.445899,12.059015,45
Adamawa,Ganye,Maiduguri,8.437966,12.051706,47
Adamawa,Ganye,Bakin Kasuwa,8.441018,12.058316,56
Adamawa,Ganye,Opposite Ninetel,8.448803,12.058655,53
Adamawa,Ganye,Wukari,8.454662,12.058466,50
Adamawa,Ganye,Anguwan Shakata,8.432826,12.048829,33
Adamawa,Ganye,Dawasa,8.430631,12.046884,53
Adamawa,Ganye,Ganye Iii,8.439187,12.038598,50
Adamawa,Ganye,Sabon Kasuwa,8.37048,12.067046,42
Adamawa,Girei,Wuro Alhaji,9.33472,12.45766,76
Adamawa,Girei,Darki,9.33412,12.4721,121
Adamawa,Girei,Federal Housing,9.31808,12.47898,575
Adamawa,Girei,Bajabure,9.30316,12.46516,345
Adamawa,Girei,Tafare,9.31853,12.45172,538
Adamawa,Girei,Damare,9.31599,12.44461,339
Adamawa,Girei,Liade,9.31334,12.46029,675
Adamawa,Girei,Badarisa,9.30584,12.47189,720
Adamawa,Girei,Wadai,9.30613,12.4846,519
Adamawa,Girei,Angwan Kara,9.31974,12.44136,1025
Adamawa,Girei,Gereng,9.48596,12.30687,400
Adamawa,Girei,K H O,9.45632,12.35625,800
Adamawa,Girei,Gereng,9.48598,12.30689,4000
Adamawa,Girei,Sabon Gari,9.33938,12.50727,1200
Adamawa,Girei,Zuma,9.33893,12.5085,519
Adamawa,Girei,Sangere,9.34431,12.51341,600
Adamawa,Girei,Segere Dutse,9.34264,12.51707,580
Adamawa,Girei,Nana Villa,9.35204,12.51312,275
Adamawa,Girei,Ungwan Abuja,9.35209,12.51223,220
Adamawa,Girei,Sabon Fegi,9.37582,12.55931,250
Adamawa,Girei,Mai Turare,9.37211,12.55222,500
Adamawa,Girei,Lowcost Quarters,9.36791,12.55256,480
Adamawa,Girei,Ungwan Yungur,9.505,12.491,120
Adamawa,Girei,Bakin Kasuwa,9.50503,12.49995,75
Adamawa,Girei,Ungwan Chibok,9.53353,12.49816,122
Adamawa,Girei,Danyel,9.53271,12.50146,331
Adamawa,Girei,Angwan Fulani,9.30444,12.48875,979
Adamawa,Girei,Makar Wuta,9.29134,12.48012,244
Adamawa,Girei,Jabbore,9.29147,12.49431,1128
Adamawa,Girei,Vinikilang,9.30552,12.48633,698
Adamawa,Girei,Jauro Buba,9.29912,12.48469,786
Adamawa,Girei,Fombina Camp,9.3098766,12.4870902,198
Adamawa,Girei,Lakkaila,9.50011,12.56769,169
Adamawa,Girei,Sangere Jabbilum,9.48339,12.58191,628
Adamawa,Girei,Jabbi Lamba,9.49888,12.576,457
Adamawa,Girei,Salama Housing Jabbilamba,9.30329,12.47378,500
Adamawa,Gombi,Jebbre,10.101537,12.34784,101
Adamawa,Gombi,Dingai,10.12613,12.33882,157
Adamawa,Gombi,Boga,10.13113,12.39603,127
Adamawa,Gombi,Boga,10.15331,12.40217,944
Adamawa,Gombi,Boga Ii,10.16977,12.73464,2622
Adamawa,Gombi,Dingai,10.12192,12.33897,945
Adamawa,Gombi,Jebbre,10.12193,12.33896,1902
Adamawa,Gombi,Sama,10.13192,12.43897,1177
Adamawa,Gombi,Duwa,10.25422,12.52978,1035
Adamawa,Gombi,Duwa 2,10.2544,12.52977,1064
Adamawa,Gombi,Fotta 1,10.09707,12.33428,1844
Adamawa,Gombi,Fotta 2,10.0977,12.33432,896
Adamawa,Gombi,Riji,10.06047,12.29185,901
Adamawa,Gombi,Guduban,10.14806,12.43441,91
Adamawa,Gombi,Galunda,10.16244,12.43303,92
Adamawa,Gombi,Chichera,10.18417,12.43641,95
Adamawa,Gombi,Chichera 1,10.14909,12.43047,1134
Adamawa,Gombi,Chichera 2,10.14919,12.43049,1243
Adamawa,Gombi,Gahumba,10.16024,12.4337,1715
Adamawa,Gombi,Guduban,10.14795,12.43409,1181
Adamawa,Gombi,Guduban 2,10.14791,12.43447,2418
Adamawa,Gombi,Hur Gabun,10.18238,12.37378,136
Adamawa,Gombi,Kofan Jauro,10.18342,12.36991,113
Adamawa,Gombi,Barda,10.19051,12.36714,1503
Adamawa,Gombi,Bishin,10.242,12.3438,5009
Adamawa,Gombi,Hurgabun,10.18212,12.37362,3344
Adamawa,Gombi,Kaahudurka,10.21623,12.34535,319
Adamawa,Gombi,Possi A,10.40689,12.5662,188
Adamawa,Gombi,Possi B,10.40403,12.56749,200
Adamawa,Gombi,Wakil Mallam,10.40501,12.56518,239
Adamawa,Gombi,Zara Zakama,10.40317,12.56537,223
Adamawa,Gombi,Possi 2A,10.4066,12.56709,945
Adamawa,Gombi,Possi A,10.4051,12.56904,1319
Adamawa,Gombi,Possi B,10.40434,12.56907,2953
Adamawa,Gombi,Wakil Malam,10.4015238,12.5504597,1444
Adamawa,Gombi,Zara Zakara,10.40858,12.56519,1118
Adamawa,Gombi,Improved Private School,10.18372,12.73407,223
Adamawa,Gombi,Anguwan Huji,10.18095,12.23264,361
Adamawa,Gombi,Nayi Nawa,10.17235,12.72687,360
Adamawa,Gombi,Labarge,10.17949,12.72231,375
Adamawa,Gombi,Ang. Gamji,10.17688,12.72371,1945
Adamawa,Gombi,Ang. Gwai Gwai,10.17584,12.73539,1974
Adamawa,Gombi,Anguwan Huji,10.18032,12.73335,2988
Adamawa,Gombi,Tashan Margi,10.17347,12.73519,3930
Adamawa,Gombi,Tashan Margi A.,10.17345,12.735519,3416
Adamawa,Gombi,Shalholma Diocese,10.14542,12.74552,259
Adamawa,Gombi,Unguwan Faransa,10.160138,12.75218,164
Adamawa,Gombi,Kwarwa,10.14236,12.73524,397
Adamawa,Gombi,Ang. Faransa,10.15432,12.74168,1999
Adamawa,Gombi,Ang. Faransa 2,10.15435,12.7357,4071
Adamawa,Gombi,Ang. Laide,10.15843,12.75042,902
Adamawa,Gombi,Ang. Lccn,10.15943,12.74672,1305
Adamawa,Gombi,Ang. Nitel,10.14472,12.74648,1059
Adamawa,Gombi,Guyaku,10.33281,12.6594,118
Adamawa,Gombi,Kwalamba,10.37321,12.57332,163
Adamawa,Gombi,Tela Bala,10.32393,12.67432,121
Adamawa,Gombi,Guyaku,10.33799,12.65982,1276
Adamawa,Gombi,Gwalantaba,10.37416,12.57401,641
Adamawa,Gombi,Kwalamba,10.37389,12.57421,1067
Adamawa,Gombi,Pukkasa,10.33521,12.65858,1937
Adamawa,Gombi,Tela Bala,10.3207,12.67878,2090
Adamawa,Gombi,Mararaban Bokki,10.04559,12.668,162
Adamawa,Gombi,Sangere Garkuwa,10.07188,12.67514,116
Adamawa,Gombi,Bebe,10.04928,12.66888,1359
Adamawa,Gombi,Mararaban Bokki,10.0456,12.669,1679
Adamawa,Gombi,Ngalga,10.07143,12.67503,1599
Adamawa,Gombi,Sangare Garkuwa,10.07203,12.67484,2092
Adamawa,Gombi,Hajin,10.05703,12.25984,1640
Adamawa,Gombi,Sheno,10.0647,12.29184,1980
Adamawa,Gombi,Sheno 2,10.05449,12.19084,998
Adamawa,Gombi,Yang 1,10.05528,12.26035,1617
Adamawa,Gombi,Yang Ii,10.05526,12.28853,512
Adamawa,Guyuk,Anguwan Jaun,9.792,11.9622,378
Adamawa,Guyuk,Kwadadai,9.78393,11.98305,192
Adamawa,Guyuk,Anguwan Jaun,9.79211,11.9625,1506
Adamawa,Guyuk,Kwadadai,9.78397,11.983,348
Adamawa,Guyuk,New Banjiram,9.79112,11.96237,282
Adamawa,Guyuk,Mada,9.98903,11.95734,72
Adamawa,Guyuk,Mada,9.98907,11.95737,570
Adamawa,Guyuk,Dangir-Darura,9.6469,11.8339,30
Adamawa,Guyuk,Anguwan Sini,9.78477,11.91055,708
Adamawa,Guyuk,Gwalura,9.79304,11.92395,318
Adamawa,Guyuk,Anguwan Sani,9.78479,11.91057,876
Adamawa,Guyuk,Dangir Darura,9.75559,11.91542,642
Adamawa,Guyuk,Gwawura,9.79306,11.92393,660
Adamawa,Guyuk,Anguwan Waja 1,9.65221,11.83702,600
Adamawa,Guyuk,Anguwan Makaranta,9.648116,11.8393,504
Adamawa,Guyuk,Dumna Zerbu,9.70578,11.88148,1098
Adamawa,Guyuk,Anguwan - Tangale,9.64165,11.83608,432
Adamawa,Guyuk,Boshikiri Mission 1/2,9.64479,11.83735,3378
Adamawa,Guyuk,Kerau,9.68676,11.89964,756
Adamawa,Guyuk,Zakawon,9.6677,11.83033,1608
Adamawa,Guyuk,Anguwan Waja,9.90418,11.93248,36
Adamawa,Guyuk,Chakawo,9.91032,11.93274,42
Adamawa,Guyuk,Panamoliye,9.9052,11.94063,48
Adamawa,Guyuk,Zeusigileye,9.90258,11.93104,150
Adamawa,Guyuk,Anguwan Nepa,9.91543,11.93949,48
Adamawa,Guyuk,Kasuwan Dole,9.90391,11.92647,48
Adamawa,Guyuk,Nasarawo,9.91635,11.9566,60
Adamawa,Guyuk,Anguwan Gombawa,9.91658,11.9468,42
Adamawa,Guyuk,Anguwan Krista,9.91637,11.9565,36
Adamawa,Hong,Kala'A,10.24967,13.02682,150
Adamawa,Hong,Bangshika,10.20363,12.98729,48
Adamawa,Hong,Kwambla,10.26665,13.09585,43
Adamawa,Hong,Fadama Rake,10.22799,12.99708,45
Adamawa,Hong,Makera,10.28557,13.0748,171
Adamawa,Hong,Dilgida,10.19794,12.99007,3000
Adamawa,Hong,Fadaman Rake,10.22797,12.99709,2095
Adamawa,Hong,Kala'A,10.24969,13.02684,2022
Adamawa,Hong,Kwambla,10.26669,13.09588,2052
Adamawa,Hong,Makera,10.28555,13.0746,2494
Adamawa,Hong,Zhedinyi,10.13829,12.98352,27
Adamawa,Hong,Dagza,10.15253,13.00569,37
Adamawa,Hong,Wuro Bokki,10.17825,12.88863,96
Adamawa,Hong,Dagza,10.1525,13.00568,538
Adamawa,Hong,Uding,10.14822,12.90379,2053
Adamawa,Hong,Wuro Bokki,10.174,12.88465,3700
Adamawa,Hong,Zhedinyi,10.1383,12.98355,9052
Adamawa,Hong,Dabna,10.38384,12.82003,70
Adamawa,Hong,Mojili,10.36759,12.86165,300
Adamawa,Hong,Shashau,10.32272,12.85578,715
Adamawa,Hong,Dabra,10.38381,12.82001,5054
Adamawa,Hong,Larh,10.4098,12.84763,3561
Adamawa,Hong,Majli,10.367591,12.861765,5406
Adamawa,Hong,Kuva,10.43253,13.00339,115
Adamawa,Hong,Gartsanu,10.4133,12.97506,67
Adamawa,Hong,Fa'A,10.46841,12.98578,288
Adamawa,Hong,Gartsanu,10.4136,12.97505,6884
Adamawa,Hong,Gumu Dutse,10.41971,12.98467,7413
Adamawa,Hong,Mukuvinyi,10.39416,13.17807,77
Adamawa,Hong,Paragalda,10.39417,13.17809,90
Adamawa,Hong,Jalingo Dadawa,10.3894,13.21065,60
Adamawa,Hong,Guwu,10.4005,13.17201,98
Adamawa,Hong,Jalingo Dadawa,10.3896,13.21067,5605
Adamawa,Hong,Mukuvinyi,10.40486,13.16489,5474
Adamawa,Hong,Panagalda,10.39414,13.17805,569
Adamawa,Hong,Kukurpu,10.22663,12.912,180
Adamawa,Hong,Kwabaktina,10.2419,12.93193,200
Adamawa,Hong,Anguwan Hausawa,10.2329,12.92972,190
Adamawa,Hong,Waja,10.23327,12.9206,235
Adamawa,Hong,Anguwan Hausawa,10.2328,12.92977,7236
Adamawa,Hong,Kukurpu,10.22661,12.914,2374
Adamawa,Hong,Kwabaktina,10.24191,12.93195,425
Adamawa,Hong,Waja,10.23325,12.9208,6747
Adamawa,Hong,Kwakwaah,10.187233,13.048791,50
Adamawa,Hong,Jaba Biri,10.128334,13.079358,50
Adamawa,Hong,Gubdaham,10.14449,13.02419,40
Adamawa,Hong,Girichi,10.14473,13.07754,5627
Adamawa,Hong,Gubdahum,10.14869,13.07062,663
Adamawa,Hong,Jaba Biri,10.14499,13.07419,4981
Adamawa,Hong,Luggar Mulular,10.11108,13.05622,201
Adamawa,Hong,Mararaba Mubi,10.31386,13.15927,82
Adamawa,Hong,Kwagwang,10.31896,13.16871,65
Adamawa,Hong,Kwarhi C,10.30647,13.1735,80
Adamawa,Hong,Dzakwa,10.35548,13.16414,45
Adamawa,Hong,Dzakwa,10.3548,13.16416,332
Adamawa,Hong,Kwagwang,10.3189,13.15873,182
Adamawa,Hong,Kwarhi 'C',10.32697,13.1737,7035
Adamawa,Hong,Mararaba Mubi,10.31322,13.15855,5343
Adamawa,Hong,Kurmi,10.24081,13.15759,34
Adamawa,Hong,Gwama,10.27246,13.1679,45
Adamawa,Hong,Tashan Rake,10.31125,13.16262,53
Adamawa,Hong,Bakkawo,10.22795,13.17734,713
Adamawa,Hong,Gwama,10.27248,13.168,3004
Adamawa,Hong,Kurmi,10.24083,13.1576,10481
Adamawa,Hong,European Quarters,10.23401,12.93592,82
Adamawa,Hong,Manza'A,10.24832,12.95024,65
Adamawa,Hong,Kwalebla,10.23342,12.93595,40
Adamawa,Hong,Munga Kilba,10.29851,12.88705,100
Adamawa,Hong,European Quarters,10.23403,12.93594,8650
Adamawa,Hong,Manza'A,10.24834,12.93024,2057
Adamawa,Hong,Munga Kilba,10.29853,12.88707,229
Adamawa,Hong,Tsohon Gari,10.23753,12.95221,3146
Adamawa,Hong,Pella,10.14703,12.92642,154
Adamawa,Hong,Ngalbi,10.175599,12.920138,150
Adamawa,Hong,Thabu,10.22755,12.92884,150
Adamawa,Hong,Cross River,10.22425,12.92225,372
Adamawa,Hong,Cross River,10.22428,12.92275,5370
Adamawa,Hong,Pella,10.14705,12.92697,341
Adamawa,Hong,Thabu,10.22757,12.92864,7306
Adamawa,Hong,Anguwan Sarki,10.45322,13.22203,373
Adamawa,Hong,Manpaya,10.44849,13.22319,360
Adamawa,Hong,Mufachaka,10.45002,13.2224,391
Adamawa,Hong,Angwan Sarki,10.45372,13.22285,364
Adamawa,Hong,Manpaya,10.44851,13.2232,7047
Adamawa,Hong,Mufachaka,10.45004,13.2226,10390
Adamawa,Jada,Anguwan Fada,8.75148,12.15388,106
Adamawa,Jada,Tundun Wada,8.75301,12.15117,106
Adamawa,Jada,Barki,8.75239,12.14779,90
Adamawa,Jada,Walibe,8.75489,12.15578,84
Adamawa,Jada,John Holt,8.75447,12.1554,72
Adamawa,Jada,Duta Gra,8.75411,12.1571,60
Adamawa,Jada,Koma Nasarawa,8.76006,12.56553,72
Adamawa,Jada,Koma Tatila,8.75965,12.56646,60
Adamawa,Jada,Dage,8.8074,12.62597,36
Adamawa,Jada,Jummare,8.80746,12.62546,48
Adamawa,Jada,So'Ogari,8.62754,12.43561,48
Adamawa,Jada,Kojoli,8.57151,12.37885,84
Adamawa,Lamurde,Dubwangun,9.56546,11.87686,114
Adamawa,Lamurde,Dubwan,9.56542,11.87697,102
Adamawa,Lamurde,Gyawana,9.56805,11.88878,192
Adamawa,Lamurde,Anguwan Overseer,9.5426,11.9475,150
Adamawa,Lamurde,Gyawana,9.56807,11.8888,1926
Adamawa,Lamurde,Overseer,9.54229,11.94739,2310
Adamawa,Lamurde,Lafiya,9.65066,11.82022,564
Adamawa,Lamurde,Mursurmi,9.65064,11.82037,366
Adamawa,Lamurde,Lafiya,9.65062,11.8202,8214
Adamawa,Lamurde,Mumsurmi,9.65065,11.82038,5232
Adamawa,Lamurde,Buamatudo,9.60546,11.7897,204
Adamawa,Lamurde,Munateri,9.60631,11.79649,312
Adamawa,Lamurde,Lamurde,9.6114,11.89121,240
Adamawa,Lamurde,Buamutudo,9.65012,11.82357,966
Adamawa,Lamurde,Lamurde,9.60629,11.79659,2124
Adamawa,Lamurde,Tigno Kogi,9.50691,11.73453,198
Adamawa,Lamurde,Mbakowo,9.51879,11.80065,204
Adamawa,Lamurde,Ngbakowo,9.51362,11.76888,2316
Adamawa,Lamurde,Tigno Kogi,9.51971,11.8024,1542
Adamawa,Lamurde,Chumun,9.50861,11.91061,90
Adamawa,Lamurde,Opalo,9.51143,11.9326,540
Adamawa,Lamurde,Chumun,9.50956,11.92556,756
Adamawa,Lamurde,Opalo,9.51032,11.93188,1710
Adamawa,Lamurde,Rigange,9.57265,11.76925,252
Adamawa,Lamurde,Tigno Dutse,9.543,11.69021,120
Adamawa,Lamurde,Waduku,9.50876,11.64496,72
Adamawa,Lamurde,Tigno Dutse,9.5432,11.69024,6570
Adamawa,Lamurde,Waduku,9.50662,11.64457,2346
Adamawa,Madagali,Drif,10.8621,13.6129,380
Adamawa,Madagali,Kamburo,10.86215,13.50344,380
Adamawa,Madagali,Nyibango,10.8157,13.60542,260
Adamawa,Madagali,S/Settlement,10.8868,13.61329,312
Adamawa,Madagali,Vengo,10.8474,13.6297,65
Adamawa,Madagali,Drif,10.8624,13.613,836
Adamawa,Madagali,Kamburo,10.86015,13.50347,949
Adamawa,Madagali,Nyibango,10.8154,13.60545,851
Adamawa,Madagali,Sukur Settlement,10.8744,13.6132,1341
Adamawa,Madagali,Vemgo,10.8492,13.6294,894
Adamawa,Madagali,Kubur Shuwa,10.706948,13.441589,183
Adamawa,Madagali,Mai Wandu,10.69698,13.45115,95
Adamawa,Madagali,Shuwa,10.74597,13.41723,400
Adamawa,Madagali,Duhu,10.78742,13.43881,800
Adamawa,Madagali,Duhu,10.78744,13.43882,873
Adamawa,Madagali,Kubur / Mai Wandu,10.70588,13.44864,1168
Adamawa,Madagali,Kwambula,10.768783,13.383457,411
Adamawa,Madagali,Shuwa,10.74537,13.41695,866
Adamawa,Madagali,Mission,10.80424,13.45349,585
Adamawa,Madagali,Market Square,10.80446,13.46029,1252
Adamawa,Madagali,Gulak Gari,10.80178,13.45858,924
Adamawa,Madagali,Gar Jalingo,10.81136,13.46391,1000
Adamawa,Madagali,Bakin Dutse,10.84419,13.48246,285
Adamawa,Madagali,Dar,10.82614,13.45817,985
Adamawa,Madagali,Gulak Gari,10.81083,13.45584,1809
Adamawa,Madagali,Jalingo,10.81325,13.46234,1871
Adamawa,Madagali,Mission,10.80526,13.45183,2817
Adamawa,Madagali,Hyambula,10.86612,13.51719,90
Adamawa,Madagali,Gada-Damai,10.867749,13.517143,25
Adamawa,Madagali,Jilang Ii,10.8758,13.54101,50
Adamawa,Madagali,Hyambula 1,10.85206,13.50207,1050
Adamawa,Madagali,Central,10.788169,13.359448,404
Adamawa,Madagali,Kirchinga  A,10.7821,13.35566,1368
Adamawa,Madagali,Kirchinga  B,10.7824,13.35568,965
Adamawa,Madagali,Kopa  2,10.78503,13.3566,507
Adamawa,Madagali,Kopa 1,10.78331,13.35757,684
Adamawa,Madagali,Sabon Gari,10.89521,13.62096,380
Adamawa,Madagali,Sabon Layi,10.89229,13.62953,31
Adamawa,Madagali,Hurgo,10.88448,13.632444,143
Adamawa,Madagali,Mission,10.8899,13.61399,445
Adamawa,Madagali,Humshe,10.88529,13.68299,944
Adamawa,Madagali,Hurgo,10.88494,13.63353,934
Adamawa,Madagali,Mararraba,10.8889,13.63244,1607
Adamawa,Madagali,Mission,10.89303,13.62145,1910
Adamawa,Madagali,Sabon Gari,10.89417,13.6225,1507
Adamawa,Madagali,Wuro-Gas,10.69721,13.51785,510
Adamawa,Madagali,Dzuel,10.76136,13.49989,210
Adamawa,Madagali,Kojiti,10.68649,13.54618,355
Adamawa,Madagali,"Pallam ""A""",10.73628,13.48541,315
Adamawa,Madagali,"Pallam ""B""",10.73892,13.48234,865
Adamawa,Madagali,Dzuel,10.76135,13.49135,1790
Adamawa,Madagali,Kojiti,10.70324,13.5127,928
Adamawa,Madagali,Pallam A,10.78628,13.48543,2818
Adamawa,Madagali,Pallam B,10.73894,13.48236,1848
Adamawa,Madagali,Wuro Gas,10.72618,13.48205,1100
Adamawa,Madagali,Vapura,10.87475,13.55765,165
Adamawa,Madagali,Sukur/Rul,10.75935,13.56303,1120
Adamawa,Madagali,Jilang,10.87575,13.54105,25
Adamawa,Madagali,Market Square,10.75575,13.51245,360
Adamawa,Madagali,Shalmi,10.7735,13.56294,1225
Adamawa,Madagali,Jilang,10.847925,13.560717,1627
Adamawa,Madagali,Market Square Milda,10.7975,13.57245,2456
Adamawa,Madagali,Shalmi,10.78036,13.5635,3623
Adamawa,Madagali,Sukur/ Rul,10.7404,13.57038,2951
Adamawa,Madagali,Vapura,10.83743,13.55821,2727
Adamawa,Madagali,Kwa Kara,10.926473,13.647573,664
Adamawa,Madagali,Liman Kara,10.73893,13.48235,718
Adamawa,Madagali,Wagga Chakawa,10.92256,13.64636,1036
Adamawa,Madagali,Wagga Laima,10.918954,13.646705,1025
Adamawa,Madagali,Wagga Mangoro,10.927028,13.647679,1813
Adamawa,Madagali,Mango,10.79257,13.57781,358
Adamawa,Madagali,Muduvu,10.79193,13.5753,775
Adamawa,Madagali,Kushiri,10.798271,13.559835,329
Adamawa,Madagali,Hanko,10.8015,13.59855,50
Adamawa,Madagali,Bah,10.80177,13.59375,937
Adamawa,Madagali,Hanko,10.8017,13.59355,984
Adamawa,Madagali,Kushiri,10.791332,13.561988,1030
Adamawa,Madagali,Mango,10.7925,13.5778,1038
Adamawa,Madagali,Muduvu,10.796308,13.594189,1829
Adamawa,Maiha,Yangai/Bungel,9.66088,13.22511,317
Adamawa,Maiha,Belel,9.65807,13.22387,437
Adamawa,Maiha,Jamtari,9.655277,13.2264,382
Adamawa,Maiha,Belel,9.65806,13.22386,4176
Adamawa,Maiha,Bungel,9.63999,13.21916,371
Adamawa,Maiha,Jamtari,9.65465,13.22834,2044
Adamawa,Maiha,Kilange,10.12371,13.15357,344
Adamawa,Maiha,Humbutudi,10.12414,13.15158,325
Adamawa,Maiha,Humbutudi,10.12415,13.15156,1279
Adamawa,Maiha,Kilange,10.12372,13.15356,3897
Adamawa,Maiha,Konkol,9.65055,13.10143,842
Adamawa,Maiha,Hulere,9.652131,13.101048,845
Adamawa,Maiha,Anguwan Fulani,9.64207,13.10216,698
Adamawa,Maiha,Konkol,9.65054,13.10142,1597
Adamawa,Maiha,Mararaba,9.65051,13.10478,1861
Adamawa,Maiha,Mararaba,9.65052,13.10479,875
Adamawa,Maiha,Mbila,10.01312,13.20889,210
Adamawa,Maiha,Nasarawo,10.016326,13.210149,208
Adamawa,Maiha,Anguwan Marghi,9.88756,13.20515,4585
Adamawa,Maiha,Maiha Gari,10.01372,13.20995,413
Adamawa,Maiha,Mbila,10.01332,13.20829,506
Adamawa,Maiha,Nasarawa,10.02117,13.20737,4544
Adamawa,Maiha,Salma Koli,10.017559,13.098371,479
Adamawa,Maiha,Wuro Saldi,10.03752,13.13376,591
Adamawa,Maiha,Salma Galdi,10.01804,13.1058,847
Adamawa,Maiha,Manjekin,10.03545,13.13382,4243
Adamawa,Maiha,Salma Galdi,10.01803,13.10587,772
Adamawa,Maiha,Wuro Saidi,10.03751,13.13374,582
Adamawa,Maiha,Nguli,10.06564,13.18017,587
Adamawa,Maiha,Toungo,10.06015,13.18399,595
Adamawa,Maiha,Hulmare,10.062687,13.187042,503
Adamawa,Maiha,Hulere,10.05789,13.17999,1530
Adamawa,Maiha,Nguli,10.06566,13.18019,5208
Adamawa,Maiha,Toungo,10.06013,13.18397,690
Adamawa,Maiha,C.C. Unit Camp,10.01313,13.20888,385
Adamawa,Maiha,Pegin,10.11561,13.21763,231
Adamawa,Maiha,Kwayace,10.11091,13.21689,236
Adamawa,Maiha,Gutukum,9.9912,13.21452,1837
Adamawa,Maiha,Pakka,10.06504,13.18124,7829
Adamawa,Maiha,Pegin,10.11307,13.21741,2091
Adamawa,Maiha,Wuro Iya,9.88785,13.20109,1674
Adamawa,Maiha,Margi,9.88754,13.20517,495
Adamawa,Maiha,Wuro Boka,9.914541,13.233805,1670
Adamawa,Maiha,Margi,9.88756,13.20515,5119
Adamawa,Maiha,Marke,9.89114,13.20045,1723
Adamawa,Maiha,Wuro Ladde,9.91298,13.23593,2897
Adamawa,Maiha,Wuro Ladde,9.91296,13.23591,2066
Adamawa,Maiha,Bakin Kasuwa,9.75364,13.24896,1703
Adamawa,Maiha,Anguwan Ardo,9.75193,13.24783,3579
Adamawa,Maiha,Bakin Kasuwa,9.75362,13.2489,581
Adamawa,Maiha,Sagal,9.80047,13.16682,491
Adamawa,Maiha,Anguwan Jauro,9.75547,13.24513,1842
Adamawa,Maiha,Anguwar Hardo,9.75191,13.24733,2317
Adamawa,Maiha,Kongoli,9.789649,13.107091,800
Adamawa,Maiha,Sagal,9.747643,13.252196,962
Adamawa,Maiha,Anguwan Sarki,9.95491,13.22628,241
Adamawa,Maiha,Mahauta,9.92446,13.23426,303
Adamawa,Maiha,Anguwan Mallam Sarki,9.92212,13.23639,522
Adamawa,Maiha,Mahauta,9.92448,13.23424,3988
Adamawa,Maiha,Sabon Gari,9.92184,13.23586,365
Adamawa,Mayo-Belwa,Dundene,8.9569,12.06079,278
Adamawa,Mayo-Belwa,Mayo Farang Camp,8.95706,12.06085,318
Adamawa,Mayo-Belwa,Anguwan Liman,9.08972,12.05672,254
Adamawa,Mayo-Belwa,Anguwan Lccn,9.05969,12.053911,271
Adamawa,Mayo-Belwa,Diyam Dadi,9.05745,12.05904,393
Adamawa,Mayo-Belwa,Nassarawo Jereng,8.96154,11.90473,136
Adamawa,Mayo-Belwa,Tola,8.76594,11.92682,326
Adamawa,Michika,Bazza,10.56825,13.32524,222
Adamawa,Michika,Ndaba,10.56836,13.32318,123
Adamawa,Michika,Nkon-Karri,10.557268,13.35597,84
Adamawa,Michika,Aranada,10.5673,13.32079,3601
Adamawa,Michika,Bazza,10.56819,13.32314,6406
Adamawa,Michika,Julu,10.5781,13.28366,2486
Adamawa,Michika,Ndaba,10.5781,13.28366,4619
Adamawa,Michika,Nkrankra,10.62452,13.415081,1828
Adamawa,Michika,Vwakaghe,10.59872,13.46015,90
Adamawa,Michika,Anguwan Sarki,10.66703,13.45394,1613
Adamawa,Michika,Karamphika,10.60581,13.45352,2031
Adamawa,Michika,Vwuka Ghe,10.62582,13.3905,1549
Adamawa,Michika,Garta,10.62402,13.48917,35
Adamawa,Michika,Ghumci,10.64671,13.45984,40
Adamawa,Michika,Garta,10.62404,13.48919,4283
Adamawa,Michika,Ghumchi,10.6483,13.45969,2239
Adamawa,Michika,Gwarme,10.6223,13.36751,1743
Adamawa,Michika,Jigalambu,10.57754,13.33586,290
Adamawa,Michika,Buzza,10.5291,13.33771,2100
Adamawa,Michika,Chimi,10.57901,13.34211,2520
Adamawa,Michika,Jigalambu,10.57688,13.338,5480
Adamawa,Michika,Polo,10.56901,13.32011,1510
Adamawa,Michika,Uda Pile,10.5772,13.3372,2230
Adamawa,Michika,Yamblai,10.60415,13.34336,78
Adamawa,Michika,Watu,10.60683,13.36989,158
Adamawa,Michika,Kuburshosho,10.6473,13.29744,2646
Adamawa,Michika,Watu,10.60707,13.26726,4528
Adamawa,Michika,Yamblai,10.60412,13.34338,2006
Adamawa,Michika,Yamwai,10.60107,13.3714,2541
Adamawa,Michika,Hausari,10.6239,13.38323,120
Adamawa,Michika,Lughui,10.61092,13.3873,250
Adamawa,Michika,Central,10.62089,13.39221,500
Adamawa,Michika,Central,10.61746,13.39301,2695
Adamawa,Michika,Hausari,10.62391,13.38321,3200
Adamawa,Michika,Lughu,10.62821,13.3839,4500
Adamawa,Michika,Warambugai,10.62699,13.3869,2510
Adamawa,Michika,Zaibadari,10.6225,13.39078,2805
Adamawa,Michika,Jang,10.63806,13.38628,120
Adamawa,Michika,Angwan Kashew,10.63057,13.39048,150
Adamawa,Michika,Sangare I,10.62383,13.39243,250
Adamawa,Michika,Anguwan Kashew,10.6355,13.39046,2685
Adamawa,Michika,Jang,10.63808,13.38626,2439
Adamawa,Michika,Sangere I,10.6238,13.39245,3640
Adamawa,Michika,Sangere Ii,10.623254,13.392462,3730
Adamawa,Michika,Wannei,10.63883,13.38896,57
Adamawa,Michika,Jiddel,10.6447,13.39394,90
Adamawa,Michika,Ghenjuwa,10.63198,13.451,2840
Adamawa,Michika,Jiddel,10.6175,13.39558,4890
Adamawa,Michika,Mbororo,10.64778,13.44469,1689
Adamawa,Michika,Pambla,10.64398,13.47369,2440
Adamawa,Michika,Wannei,10.6385,13.38748,1720
Adamawa,Michika,Ndondoni,10.62732,13.41692,11
Adamawa,Michika,Moda B,10.6349,13.40461,67
Adamawa,Michika,Dlaka,10.6221,13.4029,153
Adamawa,Michika,Moda A,10.63067,13.39964,46
Adamawa,Michika,Dlaka,10.62115,13.40272,3212
Adamawa,Michika,Moda A,10.62808,13.39501,4841
Adamawa,Michika,Moda B,10.63451,13.40963,1795
Adamawa,Michika,Ndondomi,10.62731,13.45021,1459
Adamawa,Michika,Muni,10.60541,13.39573,60
Adamawa,Michika,Muni,10.60543,13.39575,2440
Adamawa,Michika,Ghumtipi,10.62775,13.38132,2641
Adamawa,Michika,Kakena,10.6455,13.55233,500
Adamawa,Michika,Kamalgu,10.6117,13.49811,2011
Adamawa,Michika,Kwadathe,10.6404,13.54277,367
Adamawa,Michika,Tidihe,10.6215,13.48651,2059
Adamawa,Michika,Wuruboki,10.5575,13.50259,2114
Adamawa,Michika,Delchim,10.54597,13.28178,95
Adamawa,Michika,Bain,10.59362,13.28015,2185
Adamawa,Michika,Delchim,10.54049,13.28783,4930
Adamawa,Michika,Hausari / Wummu,10.5103,13.28062,3220
Adamawa,Michika,Kudzum,10.531,13.27846,3485
Adamawa,Michika,Tsukumu,10.56721,13.32276,2600
Adamawa,Michika,Buppa,10.461,13.41799,2190
Adamawa,Michika,Drishi,10.4705,13.41948,1183
Adamawa,Michika,Kali,10.46903,13.39431,2100
Adamawa,Michika,Karasaudi,10.47101,13.41943,2630
Adamawa,Michika,Virakwa,10.642,13.3554,50
Adamawa,Michika,Kelli,10.4695,13.39298,1325
Adamawa,Michika,Kwabapale,10.64899,13.3356,3172
Adamawa,Michika,Moroki/Dzurok,10.46829,13.38489,1897
Adamawa,Michika,Virakwa,10.459876,13.4182585,2271
Adamawa,Michika,Sabon-Layi,10.55461,13.39011,28
Adamawa,Michika,Mbarha,10.54098,13.35897,2145
Adamawa,Michika,Sabon Layi,10.55634,13.38675,1885
Adamawa,Michika,Kasuwa Naira,10.60191,13.38287,38
Adamawa,Michika,Kasuwa Naira,10.60197,13.38291,2550
Adamawa,Mubi North,Bahuli,10.25627,13.27545,258
Adamawa,Mubi North,Bahuli Palace,10.416835,13.305611,1112
Adamawa,Mubi North,Bahuli Town,10.433022,13.302859,6154
Adamawa,Mubi North,Bahuli Town Ii,10.430096,13.310169,1930
Adamawa,Mubi North,Central Primary School,10.430806,13.301407,742
Adamawa,Mubi North,Betso,10.50132,13.32351,595
Adamawa,Mubi North,Betso,10.50134,13.32353,4332
Adamawa,Mubi North,Kwa,10.471265,13.283006,2479
Adamawa,Mubi North,Digil,10.28789,13.260063,226
Adamawa,Mubi North,Sabon Layi,10.3286,13.27237,1223
Adamawa,Mubi North,Digil,10.31312,13.268207,4183
Adamawa,Mubi North,Tashan Kuka,10.294721,13.268863,1298
Adamawa,Mubi North,Kolere,10.26688,13.27368,1120
Adamawa,Mubi North,Wuro Bulude A.,10.2668,13.27452,814
Adamawa,Mubi North,Kolere,10.269279,13.274965,7182
Adamawa,Mubi North,Mtn Office,10.269155,13.262582,6474
Adamawa,Mubi North,Police Station,10.2783,13.25547,956
Adamawa,Mubi North,Wuro Bulude A.,10.28012,13.25476,3061
Adamawa,Mubi North,Lokuwa,10.27701,13.27183,1202
Adamawa,Mubi North,Lokuwa Ii,10.272545,13.277742,591
Adamawa,Mubi North,Barama,10.275171,13.293501,6608
Adamawa,Mubi North,Garden City,10.27388,13.277729,703
Adamawa,Mubi North,Lokuwa,10.269153,13.282311,826
Adamawa,Mubi North,Lokuwa I,10.269951,13.279579,9982
Adamawa,Mubi North,Lokuwa Ii,10.2751,13.2751,1127
Adamawa,Mubi North,Wuro Gude,10.277576,13.265501,3969
Adamawa,Mubi North,Mayo Bani,10.43959,13.23967,408
Adamawa,Mubi North,Less Mayo,10.414307,13.236701,332
Adamawa,Mubi North,Mayo Bani,10.4412,13.23956,1558
Adamawa,Mubi North,Mijilu,10.35792,13.36867,383
Adamawa,Mubi North,Dzuel,10.41322,13.422618,7111
Adamawa,Mubi North,E.Y.N Mujilu,10.404296,13.416618,1858
Adamawa,Mubi North,Mijilu Market,10.416087,13.429922,812
Adamawa,Mubi North,Muchala,10.359531,13.362309,342
Adamawa,Mubi North,Muchalla,10.358587,13.375794,4639
Adamawa,Mubi North,Muchalla A.,10.357542,13.362733,1987
Adamawa,Mubi North,Shuware,10.26271,13.269891,761
Adamawa,Mubi North,Sabon Layi,10.26584,13.26986,1738
Adamawa,Mubi North,Sabon Layi,10.26818,13.27017,6932
Adamawa,Mubi North,Shuware,10.270386,13.272628,1396
Adamawa,Mubi North,Vimtim,10.32901,13.31158,411
Adamawa,Mubi North,Vimtim,10.346917,13.324555,4058
Adamawa,Mubi North,Vimtim 2,10.327447,13.307778,1037
Adamawa,Mubi North,Yelwa,10.26994,13.25274,1744
Adamawa,Mubi North,Wuro Jibir,10.26445,13.26264,1111
Adamawa,Mubi North,Wuro Jibir,10.26991,13.26267,2112
Adamawa,Mubi North,Yelwa,10.274455,13.253311,5802
Adamawa,Mubi South,Shinwa,10.19277,13.406257,43
Adamawa,Mubi South,Barikiya,10.19954,13.40141,3489
Adamawa,Mubi South,Granda/ Tumudu,10.12945,13.36066,573
Adamawa,Mubi South,Kwakwa,10.132,13.3604,3070
Adamawa,Mubi South,Shinwa,10.19271,13.4062,5652
Adamawa,Mubi South,Sabon Layi,10.13212,13.3607,57
Adamawa,Mubi South,Duvu,10.13194,13.36054,2802
Adamawa,Mubi South,Gurundrum,10.13431,13.3392,6559
Adamawa,Mubi South,Sahuda,10.14285,13.41233,869
Adamawa,Mubi South,Kagua,10.16104,13.29991,65
Adamawa,Mubi South,Sabon Layi,10.15574,13.3008,105
Adamawa,Mubi South,Muppa,10.15549,13.30251,100
Adamawa,Mubi South,Kagua,10.157115,13.290928,1078
Adamawa,Mubi South,Malluha,10.1547049,13.2880179,2200
Adamawa,Mubi South,Mujure,10.173289,13.367819,1427
Adamawa,Mubi South,Muppa,10.15885,13.299061,3750
Adamawa,Mubi South,Tongure,10.15928,13.299138,2884
Adamawa,Mubi South,Hostel A,10.197661,13.3085,423
Adamawa,Mubi South,Munduva,10.197649,13.30848,94
Adamawa,Mubi South,Wuro Patuji,10.2627,13.2862,1105
Adamawa,Mubi South,Gidan Madara,10.2559,13.29719,140
Adamawa,Mubi South,Munduva,10.1976,13.30556,137
Adamawa,Mubi South,Tsamiya,10.127,13.36739,5004
Adamawa,Mubi South,Unguwan Madara,10.19916,13.36737,2791
Adamawa,Mubi South,Wuro Patuji,10.26296,13.28624,6395
Adamawa,Mubi South,Ufaya,10.10362,13.316652,47
Adamawa,Mubi South,Dugurma,10.09859,13.31881,51
Adamawa,Mubi South,Dadin Kowa,10.17312,13.37011,1034
Adamawa,Mubi South,Dugurma,10.09857,13.31883,1738
Adamawa,Mubi South,Kasuwa Area,10.10349,13.316648,2613
Adamawa,Mubi South,Ufaye,10.1036,13.31662,2254
Adamawa,Mubi South,Arhan Kunu,10.2684,13.2409,280
Adamawa,Mubi South,Yelwa Sabon Pegi,10.26644,13.25266,78
Adamawa,Mubi South,Kaban,10.25057,13.26182,377
Adamawa,Mubi South,Tikke,10.26193,13.26277,1126
Adamawa,Mubi South,Ungwan Kara,10.26862,13.25486,175
Adamawa,Mubi South,Unguwan Gazza B,10.26611,13.24111,157
Adamawa,Mubi South,Angwar Kara,10.268787,13.253309,604
Adamawa,Mubi South,Arhan Kunu,10.2303465,13.2554543,3795
Adamawa,Mubi South,Gaya,10.20719,13.2514,1628
Adamawa,Mubi South,Kabari,10.26184,13.26176,5118
Adamawa,Mubi South,Tikko,10.267485,13.26874,4239
Adamawa,Mubi South,Wurojibir,10.25651,13.26792,2419
Adamawa,Mubi South,Sabon Gari Ungwan Hakimi,10.21353,13.228116,233
Adamawa,Mubi South,Buladaga,10.21387,13.22889,265
Adamawa,Mubi South,Bajawule,10.20866,13.22875,2805
Adamawa,Mubi South,Buladaya,10.24056,13.24985,3937
Adamawa,Mubi South,Sabon Gari Unguwan Fada,10.21376,13.22877,574
Adamawa,Mubi South,Gipalma,10.13714,13.36795,289
Adamawa,Mubi South,Taka Lafiya,10.1294,13.36167,89
Adamawa,Mubi South,Madanya,10.17317,13.36789,354
Adamawa,Mubi South,E.Y.N. Church,10.1307,13.36116,1101
Adamawa,Mubi South,Gipalma,10.19401,13.3021,692
Adamawa,Mubi South,Madanya,10.17304,13.3687,3586
Adamawa,Mubi South,Sabon Layi,10.12947,13.36166,1125
Adamawa,Mubi South,Unguwan Liman,10.17307,13.34407,1413
Adamawa,Mubi South,Wuro Nalbe,10.19917,13.30763,1743
Adamawa,Mubi South,Matakam,10.257562,13.28035,728
Adamawa,Mubi South,Wuro Bulande,10.26269,13.26988,358
Adamawa,Mubi South,Girpatam,10.26667,13.24037,733
Adamawa,Mubi South,Girtapam,10.264825,13.23973,4482
Adamawa,Mubi South,Kacham,10.25036,13.27336,2110
Adamawa,Mubi South,Matakam,10.26198,13.266478,2905
Adamawa,Mubi South,Sabon Kasuwa,10.26636,13.25247,2230
Adamawa,Mubi South,Wuru Bulumde,10.258932,13.270144,1057
Adamawa,Mubi South,Nduku Gari,10.16764,13.2985,30
Adamawa,Mubi South,Duguduga,10.131,13.36087,120
Adamawa,Mubi South,Koflora,10.13067,13.35516,4344
Adamawa,Mubi South,Wafa,10.16755,13.29936,4344
Adamawa,Numan,Bare,9.59699,12.04453,3815
Adamawa,Numan,Dasso,9.61373,12.04637,1687
Adamawa,Numan,Kikai,9.46336,11.68054,735
Adamawa,Numan,Ngberuwe,9.46703,11.67607,742
Adamawa,Numan,Shaffan,9.46426,11.67115,931
Adamawa,Numan,Kikai,9.46354,11.68051,490
Adamawa,Numan,Ngberuwe,9.467,11.67595,378
Adamawa,Numan,Shafan,9.46568,11.67768,658
Adamawa,Numan,Imburu,9.48757,12.01475,1974
Adamawa,Numan,Kikan,9.47556,11.98333,1876
Adamawa,Numan,Kodomti,9.45475,11.93005,2758
Adamawa,Numan,Nzuruwe,9.4399,11.90549,2072
Adamawa,Numan,Pullum,9.44891,11.90296,2247
Adamawa,Numan,Shaffaron,9.4592,11.91693,3388
Adamawa,Numan,Kikan,9.47557,11.98331,1827
Adamawa,Numan,Kodomti,9.4547,11.92998,1127
Adamawa,Numan,Nzoruwe,9.4398,11.90548,1547
Adamawa,Numan,Pullum,9.44868,11.90283,1183
Adamawa,Numan,Shaffaron,9.45914,11.91656,2387
Adamawa,Numan,Tudun Wada,9.45781,12.03361,532
Adamawa,Numan,Bamtato,9.45723,12.03382,462
Adamawa,Numan,Angwan Gss,9.46062,12.03445,1218
Adamawa,Numan,Bantatao,9.45725,12.03384,1554
Adamawa,Numan,Tudun Wada,9.4578,12.03532,1624
Adamawa,Numan,Wodi Pare,9.45973,12.02174,1155
Adamawa,Numan,Nbakauto,9.46574,12.02687,406
Adamawa,Numan,Kwalinga,9.46957,12.02838,434
Adamawa,Numan,L C C N Old People Home,9.46211,12.02781,56
Adamawa,Numan,Anguwan John Hall,9.45933,12.02419,126
Adamawa,Numan,Kwalinga,9.46955,12.02585,882
Adamawa,Numan,Nbakauto,9.46576,12.02689,973
Adamawa,Numan,Wodi Pare,9.45976,12.02175,1435
Adamawa,Numan,Anguwan Gangare,9.46915,12.02173,651
Adamawa,Numan,Anguwan Jukunawa,9.46577,12.02846,448
Adamawa,Numan,Anguwar Gangare,9.46913,12.02844,1274
Adamawa,Numan,Anguwar Jukunawa,9.46575,12.0301,1001
Adamawa,Numan,Wayam,9.4442,12.02333,1267
Adamawa,Numan,Gweda Mallam,9.44983,12.0331,1344
Adamawa,Numan,Green Village,9.45521,12.03767,1869
Adamawa,Numan,Barrkido,9.44728,12.02015,966
Adamawa,Numan,Green Village,9.45523,12.03769,1288
Adamawa,Numan,Gweda Mallam,9.44783,12.03308,1099
Adamawa,Numan,Wayam,9.4444,12.02331,1022
Adamawa,Shelleng,Anguwan Sarki,10.00297,12.05694,90
Adamawa,Shelleng,Dalwa,9.97057,12.04819,60
Adamawa,Shelleng,Yallo,9.97012,12.05089,300
Adamawa,Shelleng,Bobere,9.69566,12.02863,600
Adamawa,Shelleng,Jumbul 1,9.80306,12.05632,330
Adamawa,Shelleng,Gwagarap,9.821222,12.056195,1110
Adamawa,Shelleng,Gombeyel,9.801222,12.056182,660
Adamawa,Shelleng,Ketembere,9.98849,12.08854,1500
Adamawa,Shelleng,Anguwan Wakili,9.98229,12.01466,120
Adamawa,Shelleng,Anguwan Kambari,9.68321,12.00329,60
Adamawa,Shelleng,Anguwan Hakimi,9.68359,12.00119,120
Adamawa,Shelleng,Anguwan Hakimi,9.6836,12.0012,2850
Adamawa,Shelleng,Anguwan Kambari,9.68323,12.0033,1980
Adamawa,Shelleng,Gargigic,9.68524,12.10029,120
Adamawa,Shelleng,Wuro Yanka,9.685229,12.10089,210
Adamawa,Shelleng,Gargigic,9.70337,12.21351,2970
Adamawa,Shelleng,Wuro Yanka,9.70339,12.21357,2454
Adamawa,Shelleng,Gwaila,9.88505,12.01937,216
Adamawa,Shelleng,Sabon Gari,9.89832,12.00636,120
Adamawa,Shelleng,Anguwan Maikano,9.90231,12.00905,84
Adamawa,Shelleng,Anguwan Tula,9.89784,12.00804,3102
Adamawa,Shelleng,Anguwan Tashan Bodwai,9.89814,12.00478,60
Adamawa,Shelleng,Anguwan Kasa,9.77337,12.05382,900
Adamawa,Shelleng,Wuro Ladde,9.79374,12.05787,558
Adamawa,Song,Shimba,9.81728,12.29461,6030
Adamawa,Song,Shuire,9.84437,12.2885,7720
Adamawa,Song,Tande Larro,9.81441,12.31879,9598
Adamawa,Song,Wuro Dauda,9.6922,12.7282,220
Adamawa,Song,Maihare,9.67798,12.73843,30
Adamawa,Song,Jauro Bulus,10.02685,12.66115,60
Adamawa,Song,Jauro Danny,10.02584,12.66036,53
Adamawa,Song,Jauro Garta,10.03412,12.66117,211
Adamawa,Song,Sangaya,9.8309,12.6177,257
Adamawa,Song,Mbalyebe,9.82263,12.62907,146
Adamawa,Song,G.R.A,9.81827,12.626811,160
Adamawa,Song,Gada Mayo,9.831878,12.62672,159
Adamawa,Song,Gada Mayo Bango,9.82975,12.61235,336
Adamawa,Song,Gudure,9.82888,12.62277,72
Adamawa,Song,Kila Quaters,9.835598,12.619283,132
Adamawa,Song,Sabon Pegi,9.80365,12.62461,516
Adamawa,Song,Lokko Gabas,9.77001,12.58495,6324
Adamawa,Song,Loko Yamma,9.77051,12.584,4794
Adamawa,Song,Dauchi,9.732833,12.562788,263
Adamawa,Song,Dauchi Baushi,7.3534,10.1732,441
Adamawa,Song,Lugere,9.65215,12.55587,47
Adamawa,Song,Ang. Sarki,9.65323,12.55939,83
Adamawa,Song,Lainde,9.751997,12.656799,155
Adamawa,Song,Njarenga,9.76656,12.65406,102
Adamawa,Song,Lamurde,9.81497,12.89042,121
Adamawa,Song,Labbare,9.85779,12.95065,239
Adamawa,Song,Zumo Bakka,9.85975,12.94973,226
Adamawa,Song,Holma Chalawa,9.904684,13.055714,568
Adamawa,Song,Garin Leda,9.986395,12.95173,904
Adamawa,Toungo,Toungo I Forest,8.11743,12.04325,168
Adamawa,Toungo,Toungo Ii Phd,8.11671,12.04993,200
Adamawa,Toungo,Toungo Iii Celtel,8.1313,12.0454,198
Adamawa,Yola North,Saman Nepa,9.27483,12.45659,300
Adamawa,Yola North,Ajiya Street,9.28399,12.45645,243
Adamawa,Yola North,Gimba Street,9.27876,12.45354,232
Adamawa,Yola North,Demsawo,9.28072,12.42778,348
Adamawa,Yola North,Gdss Doubeli,9.28576,12.44795,491
Adamawa,Yola North,Bakin Kogi,9.28184,12.46429,440
Adamawa,Yola North,Daugirei,9.25781,12.46907,224
Adamawa,Yola North,Bwaranji,9.26059,12.47697,171
Adamawa,Yola North,Bye Pass,9.23451,12.43089,1644
Adamawa,Yola North,Rume-Baru,9.27202,12.44429,1007
Adamawa,Yola North,Damilu,9.27105,12.41369,782
Adamawa,Yola North,Hullere,9.29787,12.40324,444
Adamawa,Yola North,Bachure,9.24591,12.42556,840
Adamawa,Yola North,Nyibango,9.22931,12.4346,613
Adamawa,Yola North,Karewa Pry Sch,9.24776,12.44425,407
Adamawa,Yola North,Zango,9.28539,12.46273,128
Adamawa,Yola North,Angwan Tana,9.28598,12.46113,230
Adamawa,Yola North,Limawa,9.28044,12.45389,324
Adamawa,Yola North,Upper Luggere,9.2701,12.4484,443
Adamawa,Yola North,Lccn,9.28026,12.44682,186
Adamawa,Yola North,Nasarawo,9.284,12.44112,244
Adamawa,Yola North,Runde,9.28212,12.45891,101
Adamawa,Yola North,Yelwa Pri Sch,9.28137,12.45315,271
Adamawa,Yola South,Dokkitilla Wurochekke,9.20922,12.51337,181
Adamawa,Yola South,Wuro Chekke,9.20929,12.51336,585
Adamawa,Yola South,Wuro Hausa,9.20111,12.49594,400
Adamawa,Yola South,Shagari Ii,9.19245,12.46966,1059
Adamawa,Yola South,Lakare,9.17216,12.48246,972
Adamawa,Yola South,Rumde Shamki,9.1114021,12.3297704,503
Adamawa,Yola South,Jaccingo,9.12249,12.34726,380
Adamawa,Yola South,Chambaji,9.16658,12.46848,362
Adamawa,Yola South,Modire,9.2052,12.45641,1836
Adamawa,Yola South,Gadamayo,9.21443,12.44284,2124
Adamawa,Yola South,Gujibabu Sabon Gari Camp,9.15587,12.40353,289
Adamawa,Yola South,Njaccingo Camp,9.1225,12.34728,1578
Adamawa,Yola South,Lamidos,9.21292,12.48311,749
Adamawa,Yola South,Anguwan Jauro,9.21194,12.48434,256
Adamawa,Yola South,Sanda Pri School,9.21436,12.47721,874
Adamawa,Yola South,Sabon Pegi,9.1915,12.51585,502
Adamawa,Yola South,Mbomoi Football,9.20271,12.47723,191
Adamawa,Yola South,Wuro Jabbe,9.25765,12.39429,852
Adamawa,Yola South,Saminaka,9.27541,12.37631,1242
Adamawa,Yola South,Kwanan Waya,9.32712,12.32408,632
Adamawa,Yola South,Kasuwan Katako,9.27388,12.39005,1000
Adamawa,Yola South,Kofare,9.27222,12.41077,212
Adamawa,Yola South,Sangere Bode,9.28795,12.34296,1310
Adamawa,Yola South,Wuro Dadi,9.3919,12.354,1040
Adamawa,Yola South,Malkohi Camp,9.19624,12.38553,380
Adamawa,Yola South,Malkohi Village Camp,9.19288,12.37614,2888
Adamawa,Yola South,Kilbaje Extension Camp,9.25212,12.38243,494
Adamawa,Yola South,Anguwan Bawa,9.29031,12.22853,349
Adamawa,Yola South,Anguwan Jauro,9.28846,12.22958,335
Adamawa,Yola South,Sabon Pegi Ngurore Camp,9.28839,12.25115,641
Borno,Askira/Uba,Angwan Zandawa,10.64869,12.90748,372
Borno,Askira/Uba,Anguwan Chibok,10.65308,12.91042,396
Borno,Askira/Uba,Anguwan Chibok,10.65309,12.91041,10176
Borno,Askira/Uba,Anguwan Zadawa,10.64859,12.90744,5328
Borno,Askira/Uba,Hausari,10.6476,12.911,12416
Borno,Askira/Uba,Hausari Ii,10.64827,12.90729,576
Borno,Askira/Uba,Lowcost,10.65075,12.90306,10384
Borno,Askira/Uba,Rimirgo,10.60139,13.0295,510
Borno,Askira/Uba,Anguwan Tasha I,10.60137,13.02953,560
Borno,Askira/Uba,Anguwan Tasha Ii,10.59235,13.03781,328
Borno,Askira/Uba,Rimirgo,10.60113,13.0303,7672
Borno,Askira/Uba,Durmushu,10.7561,13.2153,180
Borno,Askira/Uba,Anguwan Sarki,10.75095,13.21548,736
Borno,Askira/Uba,Tampul,10.57785,13.22345,354
Borno,Askira/Uba,Hausari,10.49331,13.23526,378
Borno,Askira/Uba,Hausara,10.49334,13.23528,7488
Borno,Askira/Uba,Sabon Gari,10.63214,13.19548,680
Borno,Askira/Uba,Tampul,10.57784,13.22305,1328
Borno,Askira/Uba,Tampul Ii,10.57792,13.21894,392
Borno,Askira/Uba,Shishuwa,10.7477,13.2193,960
Borno,Askira/Uba,Fuma,10.7417,13.2198,786
Borno,Askira/Uba,Bazza,10.68755,13.27246,6112
Borno,Askira/Uba,Bulabulin,10.67939,13.27157,2648
Borno,Askira/Uba,Fuma,10.68757,13.27248,7176
Borno,Askira/Uba,Shishuwa,10.68239,13.27199,544
Borno,Askira/Uba,Vocational Training Centre,10.69363,13.26958,1674
Borno,Askira/Uba,Bulabulin,10.67739,13.27159,720
Borno,Askira/Uba,Wamtu,10.72975,13.12569,294
Borno,Askira/Uba,Giwa Malgwi,10.7332,13.12469,126
Borno,Askira/Uba,Giwa Malgwi,10.7323,13.12468,320
Borno,Askira/Uba,Gundan,10.73371,13.12547,960
Borno,Askira/Uba,Wamtu,10.72973,13.1257,1184
Borno,Askira/Uba,Jerusalem,10.45303,13.20628,1440
Borno,Askira/Uba,Angwan Sarki,10.455296,13.213241,1008
Borno,Askira/Uba,Kilamada,10.45964,13.22197,984
Borno,Askira/Uba,Anguwan Sarki,10.45397,13.20816,808
Borno,Askira/Uba,Jerusalem,10.45292,13.20657,2456
Borno,Askira/Uba,Kilamada,10.45996,13.22233,49056
Borno,Askira/Uba,Uvu,10.49691,13.12204,558
Borno,Askira/Uba,Anguwan Sarki,10.52618,13.12951,488
Borno,Askira/Uba,Anguwan Uda,10.49576,13.12316,536
Borno,Askira/Uba,Uvu,10.49689,13.12201,19752
Borno,Askira/Uba,Uvu Ii,10.49698,13.12129,440
Borno,Askira/Uba,Angwan Hakimi,10.52615,13.12949,306
Borno,Askira/Uba,Eyn Street,10.52557,13.13041,552
Borno,Askira/Uba,Anguwan Hakimi,10.52617,13.1295,7904
Borno,Askira/Uba,Anguwan Tasha,10.52656,13.13184,1064
Borno,Askira/Uba,Eyn Street,10.52624,13.12915,2752
Borno,Askira/Uba,Zadawa,10.64804,12.90746,420
Borno,Askira/Uba,Hausari,10.648,12.9103,1968
Borno,Askira/Uba,Zadawa,10.64813,12.90738,3288
Borno,Askira/Uba,Zadawa Ii,10.64876,12.90706,624
Borno,Askira/Uba,Zadawa Camp,10.64814,12.90757,420
Borno,Bama,Wajare Idp,11.259,14.13969,23910
Borno,Bama,Wajare,11.2551,14.14798,20135
Borno,Bama,Banki Idp Camp,11.25804,14.15381,35111
Borno,Bama,Bukar Tela Idp,11.52226,13.69902,417
Borno,Bama,Alajiri,11.53054,13.69429,3351
Borno,Bama,Bukar Tela,11.52228,13.69905,5159
Borno,Bama,Lambari,11.51668,13.69808,1445
Borno,Bama,Yobe,11.537482,13.689057,5318
Borno,Bama,Cutom New House Idps,11.512545,13.688889,312
Borno,Bama,Indimi Estate,11.49978,13.70249,976
Borno,Bama,Kangaleri Hc,11.52205,13.69659,737
Borno,Bama,Abuja Bulabulin,11.53406,13.68425,2265
Borno,Bama,Abuja Police Barracks,11.53178,13.68212,1565
Borno,Bama,Anguwan Yashi,11.5313,13.6817,2857
Borno,Bama,Bama Dina,11.52648,13.68064,4640
Borno,Bama,Custom New House,11.512513,13.689068,2908
Borno,Bama,Gomari,11.51333,13.69823,1801
Borno,Bama,Gwange,11.53128,13.68168,1594
Borno,Bama,Hausari,11.522428,13.68249,2477
Borno,Bama,Kangaleri,11.52208,13.6966,3395
Borno,Bama,Shehuri,11.5159,13.68908,2963
Borno,Bama,Gssss Camp Bama,11.50535,13.68579,109776
Borno,Bayo,Balbaya,10.62269,11.73514,24
Borno,Bayo,Briyel,10.35058,11.61224,44
Borno,Bayo,Gamajiko Sulbawa,10.37071,11.66054,24
Borno,Bayo,Fikayel,10.5594301,11.631103,38
Borno,Bayo,Fikayel,10.55214,11.61878,2912
Borno,Bayo,Gamadadi,10.32273,11.58668,3
Borno,Bayo,Jara Dali,10.25032,11.69933,13
Borno,Bayo,Jara Gol,10.22301,11.62221,23
Borno,Bayo,Teli,10.44356,11.70516,41
Borno,Bayo,Wuyo,10.38255,11.69377,47
Borno,Bayo,Banbarkar,10.66854,11.80925,34
Borno,Bayo,Nahuta,10.68131,11.79264,26
Borno,Biu,Kamuya,10.91835,12.08762,1376
Borno,Biu,Buratai,10.90695,12.08901,3054
Borno,Biu,Buratai,10.90773,12.08875,2782
Borno,Biu,Kamuya,10.91837,12.08702,1366
Borno,Biu,Dadin-Kowa,10.78128,11.94219,1883
Borno,Biu,Gunda,10.78668,11.85262,614
Borno,Biu,Dugja,10.625075,12.175978,9891
Borno,Biu,Tabra,10.621252,12.166884,1250
Borno,Biu,Dashawa,10.610128,12.12409,272
Borno,Biu,Tum,10.605253,12.108539,416
Borno,Biu,Nzukuku,10.624297,12.144602,486
Borno,Biu,Zuwa,10.76693,12.02254,16
Borno,Biu,Garubula,10.77918,12.01972,307
Borno,Biu,Gur - Kuta Garru,10.77371,12.21716,867
Borno,Biu,Gur Lawan,10.7782,12.231,1759
Borno,Biu,Gur Yabwala,10.77636,12.22407,925
Borno,Biu,Galdimare,10.61394,12.192376,10925
Borno,Biu,"Zonal Education Center Camp, Biu Camp",10.618047,12.174888,2011
Borno,Biu,Mandaragirau,10.69768,12.33274,1308
Borno,Biu,Mandiragaru,10.69766,12.33273,3122
Borno,Biu,Miringa,10.733093,12.14781,4794
Borno,Biu,Shami Mwada,10.72761,12.14937,282
Borno,Biu,Sulumaltha,10.612528,12.197504,1678
Borno,Biu,Yawi,10.598319,12.217912,1182
Borno,Biu,Usman Dallah,10.591561,12.207921,439
Borno,Biu,Mbulamel,10.625694,12.187153,1763
Borno,Biu,Zarawuyaku,10.617293,12.197492,1632
Borno,Chibok,Ajari,10.87085,12.8526,883
Borno,Chibok,Ajari,10.870802,12.8528,1698
Borno,Chibok,Kui-Gu,10.86678,12.85013,1324
Borno,Chibok,Lawanti,10.86805,12.84832,1329
Borno,Chibok,Yobe,10.87313,12.8554,1414
Borno,Chibok,Red-Bricks (Idp) Camp,10.8671359,12.8401584,228
Borno,Chibok,Kui-Gu,10.86691,12.85017,914
Borno,Chibok,Lawanti,10.86807,12.84834,433
Borno,Chibok,Shiki,10.84187,12.85447,159
Borno,Chibok,Yobe,10.87316,12.8556,1210
Borno,Chibok,Mission Street,10.86762,12.84524,413
Borno,Chibok,Lawan Bwangal,10.86889,12.84341,565
Borno,Chibok,Karagau L,10.87254,12.84354,818
Borno,Chibok,Karagau L.,10.871615,12.849782,1294
Borno,Chibok,Lawan Bwangal,10.870843,12.843437,1488
Borno,Chibok,Mission Street,10.866782,12.845644,1561
Borno,Chibok,Pying,10.90398,12.85174,435
Borno,Chibok,Gaglam,10.91213,12.87808,230
Borno,Chibok,Pying,10.90393,12.85172,108
Borno,Chibok,Bla-Audu,10.86703,12.84417,799
Borno,Chibok,Bla-Hikama,10.87077,12.84083,828
Borno,Chibok,Bamzir,10.83052,12.79877,1010
Borno,Chibok,Bla Audu,10.86705,12.84419,1798
Borno,Chibok,Bla Hikama,10.87079,12.84081,1657
Borno,Chibok,Hirpaya,10.8424529,12.8537163,410
Borno,Chibok,Mboa,10.90738,12.83177,604
Borno,Chibok,Lawan Benji,10.8668,12.8396,927
Borno,Chibok,Mboa,10.90736,12.83056,405
Borno,Chibok,Gatamarwa Town,10.70418,12.98398,950
Borno,Chibok,Paya Yeso,10.74749,12.82418,661
Borno,Chibok,Gatamwarwa Town,10.70561,12.98184,390
Borno,Chibok,Paya-Yesu,10.7481,12.92295,442
Borno,Chibok,Karakau K,10.82493,12.98664,1077
Borno,Chibok,Warga I,10.81755,12.9887,874
Borno,Chibok,Warga Ii,10.81961,12.99015,664
Borno,Chibok,Warga Iii,10.816531,12.995497,609
Borno,Chibok,Karakau K,10.82747,12.9849,232
Borno,Chibok,Korongilum A,10.8672,12.70936,588
Borno,Chibok,Korongilum B,10.85608,12.7044,320
Borno,Chibok,Korongilum A,10.86718,12.70934,176
Borno,Chibok,Korongilum B,10.85606,12.7046,204
Borno,Chibok,Kuburmbula West,10.8807,12.92303,758
Borno,Chibok,Kuburmbula North,10.8779,12.92553,352
Borno,Chibok,Mifa A,10.88723,12.90319,400
Borno,Chibok,Mifa B,10.892563,12.918764,91
Borno,Chibok,Kuburmbula,10.8809,12.92301,567
Borno,Chibok,Kwada Kwamti Yahi,10.84738,12.97431,401
Borno,Chibok,Kwamtiyahi,10.86206,12.96182,484
Borno,Chibok,Mifa A,10.89066,12.9016,377
Borno,Chibok,Mifa B,10.89253,12.91934,292
Borno,Chibok,Kwamtiyahi,10.862761,12.961415,92
Borno,Chibok,Yobe,10.77409,12.87788,744
Borno,Chibok,Sabon Gari,10.77664,12.87364,749
Borno,Chibok,Bayan Kasuwa,10.775547,12.873601,808
Borno,Chibok,Ngadarma,10.72804,12.88645,277
Borno,Chibok,Danga,10.80709,12.87117,248
Borno,Chibok,Ngwarkwali,10.76833,12.7963,181
Borno,Chibok,Kauthlama A,10.757724,12.815737,265
Borno,Chibok,Bayan Kasuwa,10.772768,12.873895,475
Borno,Chibok,Bayan Kasuwa 2,10.77662,12.817364,546
Borno,Chibok,Kauthlama A,10.758713,12.819603,262
Borno,Chibok,Kauthlama B,10.79547,12.7422,229
Borno,Chibok,Ngwarkwali,10.76835,12.79628,377
Borno,Chibok,Sabon Gari,10.77689,12.87309,543
Borno,Chibok,Yobe Mbl,10.77407,12.87778,575
Borno,Chibok,Mboa Kucheni,10.93149,12.76949,216
Borno,Chibok,Lawan Gaji,10.92005,12.77461,382
Borno,Chibok,Migzu Dala,10.94705,12.77447,389
Borno,Chibok,Lawan Gaji,10.92003,12.77464,236
Borno,Chibok,Mboa Kucheni,10.93151,12.76947,329
Borno,Chibok,Migza Dala,10.94703,12.77445,239
Borno,Chibok,Pemi A,10.77694,12.94988,118
Borno,Chibok,Pemi B,10.777218,12.916088,214
Borno,Chibok,Pemi C,10.799626,12.916215,191
Borno,Chibok,Pemi A,10.77661,12.9508,352
Borno,Chibok,Pemi B,10.769868,12.93374,295
Borno,Chibok,Pemi C,10.794977,12.921741,297
Borno,Chibok,Tsathla,10.84914,12.7753,166
Borno,Chibok,Paya Mwapu,10.79584,12.82312,822
Borno,Chibok,Shikarkir,10.86783,12.76711,545
Borno,Chibok,Tsalhala,10.84912,12.77529,548
Borno,Chibok,Dabiya,10.7491,12.7325,105
Borno,Chibok,Paya-Mwapu,10.79586,12.72319,163
Borno,Chibok,Shikarkir,10.86733,12.76713,86
Borno,Chibok,Takulashi,10.79463,12.72385,101
Borno,Damboa,Kauji Kilikata,11.02772,12.70409,3234
Borno,Damboa,Kauji Kasugula,11.04303,12.70417,4467
Borno,Damboa,Mulimari,11.08311,12.68416,952
Borno,Damboa,Azur,11.04656,12.64572,2394
Borno,Damboa,Azur,11.04414,12.64592,4117
Borno,Damboa,Kalla,11.17723,12.78599,385
Borno,Damboa,Kalla,11.17229,12.78899,949
Borno,Damboa,Hausari H. Community,11.15117,12.75504,6809
Borno,Damboa,Damboa Central,11.16223,12.75911,7873
Borno,Damboa,Abachari,11.17156,12.75989,19518
Borno,Damboa,Shuwari,11.16193,12.76393,1688
Borno,Damboa,Kachalabulari Gana,11.14439,12.75932,1786
Borno,Damboa,Abatchari,11.17158,12.75987,2606
Borno,Damboa,Damboa Central,11.16225,12.75913,5799
Borno,Damboa,Hausari Hc,11.15115,12.76504,6419
Borno,Damboa,Kachalla Bukari Gana,11.14434,12.74932,551
Borno,Damboa,Shuwari,11.15192,12.76395,1115
Borno,Damboa,General Hospital Damboa,11.16636,12.75654,8167
Borno,Damboa,Central Primary School Damboa,11.16132,12.75653,4086
Borno,Damboa,Hausari Primary School Damboa,11.14815,12.75235,2918
Borno,Damboa,Abori Gate Camp,11.16781,12.76223,4304
Borno,Damboa,Mobile Clinic Camp,11.15373,12.76853,107
Borno,Damboa,Estate Camp,11.14656,12.75599,502
Borno,Damboa,Old Secetariat Camp,11.16283,12.7547,399
Borno,Damboa,Upper Court Camp,11.16447,12.75875,688
Borno,Damboa,Police Doki Camp,11.15796,12.75827,85
Borno,Damboa,Low Cost Camp,11.17004,12.70484,8133
Borno,Damboa,Unity Camp,11.16569,12.77527,2440
Borno,Damboa,Garjan,11.02295,12.79515,6294
Borno,Damboa,Gumsuri,11.05478,12.8196,6671
Borno,Damboa,Wavi,10.9992,12.78367,6703
Borno,Damboa,Garjam,11.02298,12.79517,1723
Borno,Damboa,Gumsuri,11.05807,12.80824,1540
Borno,Damboa,Wavi,10.9996,12.78369,959
Borno,Damboa,Kirkasama,11.15866,12.74846,187
Borno,Damboa,Kachalabulari Kura,11.14588,12.76624,2206
Borno,Damboa,Alingwari,11.13735,12.74988,303
Borno,Damboa,Nzuda,11.12105,12.17373,3440
Borno,Damboa,Ajimari,11.12434,12.75379,452
Borno,Damboa,Imeri,11.12773,12.74337,317
Borno,Damboa,Mairi Gana,11.09849,12.74725,274
Borno,Damboa,Mulaharam B.,11.03822,12.7569,794
Borno,Damboa,Mulaharam A.,11.04338,12.75216,1006
Borno,Damboa,Nzuda Sumsuma,11.06233,12.75224,405
Borno,Damboa,Ndabang,11.11003,12.75085,195
Borno,Damboa,Ajimari,11.12432,12.75649,401
Borno,Damboa,Ali  Ngwari,11.13732,12.74986,455
Borno,Damboa,Imeri,11.12771,12.74335,315
Borno,Damboa,Kachallabulari  Kuri,11.14586,12.76026,2707
Borno,Damboa,Karkasama,11.15864,12.78646,161
Borno,Damboa,Mairi Gana,11.0985,12.74727,309
Borno,Damboa,Mulaharam A,11.03812,12.75682,734
Borno,Damboa,Mulaharam B,11.045618,12.75215,538
Borno,Damboa,Ndabang,11.11006,12.76085,252
Borno,Damboa,Nzada,11.1458,12.76024,2848
Borno,Damboa,Nzuda Sumsama,11.06231,12.75214,553
Borno,Dikwa,Kanumburi Jaja,12.035292,13.917138,2435
Borno,Dikwa,Kanumburi Gana,12.037866,13.917886,1586
Borno,Dikwa,Bulabulin Dikwapra,12.03934,13.90714,5195
Borno,Dikwa,Chingo Zarma,12.036795,13.917202,4656
Borno,Dikwa,Shuwari,12.039738,13.922611,4101
Borno,Dikwa,Ajari,12.030945,13.920738,2965
Borno,Dikwa,Rabiri,12.031746,13.923214,4458
Borno,Dikwa,Afunori,12.035229,13.923286,1883
Borno,Dikwa,Bulabulin,12.038718,13.909242,4477
Borno,Dikwa,Chingo Zarma,12.036815,13.917169,4360
Borno,Dikwa,Kanumburi Jaja,12.035277,13.917201,1963
Borno,Dikwa,Police Station,12.035708,13.919669,2572
Borno,Dikwa,Raberi,12.031734,13.923233,3056
Borno,Dikwa,Shehuri,12.043037,13.9189,4234
Borno,Dikwa,Shuwari,12.039707,13.922607,9668
Borno,Dikwa,Kamchiji Camp,12.038088,13.9209,3134
Borno,Dikwa,Sangaya,12.04486,13.90153,8329
Borno,Dikwa,Mohammed Kyari,12.043197,13.914353,3374
Borno,Dikwa,Bulabulin Primary School Camp,12.039345,13.904101,3149
Borno,Dikwa,Agric Idp Camp,12.036583,13.903243,6866
Borno,Dikwa,Shehuri/Modu Kasa Camp,12.04379,13.91678,6822
Borno,Dikwa,Klagaru Camp,12.029877,13.916949,5636
Borno,Dikwa,Ajari Camp,12.03095,13.92095,4393
Borno,Dikwa,Masarmari Camp,12.04289,13.90183,11358
Borno,Dikwa,1000 Camp Dikwa Camp,12.027395,13.921123,7545
Borno,Dikwa,Fulatari Camp,12.03861,13.89954,12905
Borno,Dikwa,Alhaji Bashir Camp,12.035505,13.905677,2616
Borno,Dikwa,Shuwari Camp,12.043034,13.920241,4599
Borno,Dikwa,Ministry Of Works Camp,12.039693,13.924678,1140
Borno,Dikwa,Reception Center,12.02676,13.91968,445
Borno,Gubio,Busamiri,12.49177,12.78145,1444
Borno,Gubio,Alkaleri,12.49633,12.78258,1606
Borno,Gubio,Ajari,12.49331,12.78305,1804
Borno,Gubio,Mallam Suri,12.49228,12.78138,2349
Borno,Gubio,Goneri,12.49886,12.78406,1716
Borno,Gubio,Ajari,12.4944,12.7234,4015
Borno,Gubio,Alkaleri,12.49887,12.78405,2950
Borno,Gubio,Busamiri,12.49553,12.78038,3993
Borno,Gubio,Mallam Suri,12.4915,12.78682,4782
Borno,Gubio,Gubio 2/Bulakaraye,12.50028,12.78607,1457
Borno,Gubio,Gubio 2/Hausari,12.49978,12.7798,1883
Borno,Gubio,Bulakaraye,12.49439,12.72339,4583
Borno,Gubio,Goneri,12.49885,12.78403,3146
Borno,Gubio,Hausari,12.50118,12.78107,4550
Borno,Gwoza,Gadamayo,11.07889,13.69987,14490
Borno,Gwoza,Hausari,11.08483,13.69697,8214
Borno,Gwoza,Ajari,11.08471,13.70303,7728
Borno,Gwoza,Ajari,11.08361,13.7038,6390
Borno,Gwoza,Gadamayo,11.07862,13.69736,14370
Borno,Gwoza,Hausari,11.08567,13.6963,7686
Borno,Gwoza,Wakane,11.08893,13.69086,17500
Borno,Gwoza,Bulabulin,11.08894,13.69642,13980
Borno,Gwoza,R.E.B. Bayanbank,11.07857,13.68674,8228
Borno,Gwoza,Bulabulin,11.08794,13.69722,14202
Borno,Gwoza,R.E.B Bayanbank,11.07875,13.68849,6135
Borno,Gwoza,Wakane,11.08474,13.68777,21738
Borno,Gwoza,Gwoza Wakane Pri. Sch.,11.0894,13.68793,1300
Borno,Gwoza,Gss Camp Gwoza Camp,11.22536,13.78608,16570
Borno,Gwoza,Dangote Camp,11.23179,13.7763,494
Borno,Gwoza,Limankara,10.96916,13.6659,4320
Borno,Gwoza,Anguwan T.C,11.07225,13.69499,4710
Borno,Gwoza,Anguwan T.C,10.95927,13.66465,5520
Borno,Gwoza,Liman Kara,10.96916,13.6659,3804
Borno,Gwoza,20 Housing Unit,11.07002,13.68992,5802
Borno,Gwoza,Hambagda,11.05942,13.68835,744
Borno,Gwoza,Bulabulin,11.22913,13.78371,1305
Borno,Gwoza,Balangele,11.22256,13.78383,7030
Borno,Gwoza,Kiva,11.22062,13.77783,9437
Borno,Gwoza,Balangele,11.22258,13.78555,4958
Borno,Gwoza,Bulabulin,11.22336,13.78247,8851
Borno,Gwoza,Kiva,11.22063,13.77821,9402
Borno,Gwoza,Camp A (Umbazah Rock Side Camp) Camp,11.23122,13.78367,3666
Borno,Gwoza,Camp B (Camp 2 (Wege)) Camp,11.22534,13.78606,5326
Borno,Gwoza,Reception/Transit Camp,11.23177,13.77628,10508
Borno,Gwoza,Camp D (Damara Arrival Centre),11.22047,13.78747,7204
Borno,Gwoza,Camp C (Wege Extension) Camp,11.22738,13.77414,13654
Borno,Gwoza,Camp E,11.23111,13.78741,1859
Borno,Hawul,Ghuma,10.525174,12.251007,651
Borno,Hawul,Vinadam,10.58752,12.05332,587
Borno,Hawul,Bula-Tawiwi,10.43137,12.0983,139
Borno,Hawul,Azare,10.5269,12.28854,2712
Borno,Hawul,Azare,10.52641,12.28918,2001
Borno,Hawul,Yimir Shika,10.536266,12.226698,122
Borno,Hawul,Kwajaffa,10.46432,12.418264,2614
Borno,Hawul,Tashan Alede,10.49014,12.41747,2089
Borno,Hawul,Mallam Jakwa,10.478075,12.432582,904
Borno,Hawul,Kwajaffa,10.45599,12.41539,3551
Borno,Hawul,Mal Jakwa,10.48408,12.42978,1940
Borno,Hawul,Tashan Alede,10.498306,12.415501,2622
Borno,Hawul,Tela,10.54014,12.1291,600
Borno,Hawul,Marama,10.452719,12.160704,1078
Borno,Hawul,Whitam Baya,10.39269,12.25003,592
Borno,Hawul,Pama Whitambaya I,10.47888,12.2482,2809
Borno,Hawul,Hyera,10.40643,12.37261,589
Borno,Hawul,Walama,10.486592,12.303797,2506
Borno,Hawul,Sakwa,10.501638,12.203093,526
Borno,Hawul,Shaffa,10.50885,12.32889,9111
Borno,Hawul,Shaffa,10.508381,12.325795,8559
Borno,Jere,Ajari,11.86406,13.17404,143
Borno,Jere,Molai,11.75301,13.10069,3532
Borno,Jere,Jiddari,11.78343,13.13551,3814
Borno,Jere,Jiddumari,11.78242,13.1364,2693
Borno,Jere,Galtimari,11.80724,13.1754,6566
Borno,Jere,Fori,11.80187,13.17843,3277
Borno,Jere,Ajajari,11.79478,13.17991,2761
Borno,Jere,Wodiya,11.78635,13.18826,538
Borno,Jere,Ajiri Camp,11.7825,13.13622,556
Borno,Jere,Kekeno Non Government Idp Camp,11.78467,13.13903,89
Borno,Jere,Gombole Site 2 Camp,11.790619,13.170897,338
Borno,Jere,Behind Fori Clinic Camp,11.79882,13.1782,160
Borno,Jere,Balle Shuwa Camp,11.791941,13.173189,105
Borno,Jere,Mommodu Biri,11.79511,13.18109,121
Borno,Jere,Dala Bulamari,11.808495,13.08815,1524
Borno,Jere,Dala Kafe,11.81595,13.09623,1902
Borno,Jere,Dala Foi(123),11.81242,13.08889,2230
Borno,Jere,Dala Lawanti,11.81167,13.09191,4126
Borno,Jere,Dala Kurari,11.809991,13.09101,1245
Borno,Jere,Hausari Dusuman,11.90945,13.26365,1201
Borno,Jere,Musari,11.88492,13.26214,609
Borno,Jere,Ajari/Lawanti,11.811606,13.088328,1030
Borno,Jere,Muna Ethiopia,11.86373,13.23868,1200
Borno,Jere,Muna Da'Alti Hc,11.86873,13.25443,1690
Borno,Jere,Galamairi,11.87493,13.27582,1133
Borno,Jere,Muna Asheri,11.87127,13.23864,2808
Borno,Jere,Kolori Village,11.86968,13.21985,3158
Borno,Jere,Bulamaturi,11.88758,13.22396,935
Borno,Jere,Bashetti,11.89772,13.25245,512
Borno,Jere,Kirburi,11.89582,13.24064,324
Borno,Jere,Wudimari,11.88183,13.21638,269
Borno,Jere,Bulamaturi,11.88751,13.22404,595
Borno,Jere,Hausari Dusuman,11.91599,13.26387,1295
Borno,Jere,Kolori Village,11.86985,13.21978,3158
Borno,Jere,Lawanti Dusuman,11.86441,13.23079,642
Borno,Jere,Musari Village,11.8844,13.26153,2601
Borno,Jere,Muna Primary,11.86631,13.23638,2610
Borno,Jere,Muna El Badawy,11.87186,13.24972,30611
Borno,Jere,Muna Da'Alti 3,11.86603,13.24041,201
Borno,Jere,Muna Da'Alti 1A,11.86917,13.25319,513
Borno,Jere,Muna Da'Alti 1B,11.86955,13.25373,701
Borno,Jere,Muna Da'Alti 2A,11.86705,13.25275,1015
Borno,Jere,Muna Da`Alti 2B,11.8674,13.25057,740
Borno,Jere,Custom House,11.88171,13.28239,6409
Borno,Jere,Musari Camp,11.87957,13.26028,631
Borno,Jere,Muna Moforo,11.86596,13.24619,3115
Borno,Jere,Muna Kori Bula Yalaye,11.86925,13.24507,1145
Borno,Jere,Abba Kura Hassan,11.86962,13.25497,202
Borno,Jere,Bolori Burin,11.86565,13.23252,2065
Borno,Jere,Muna Mallam Kori,11.86607,13.25029,204
Borno,Jere,Filin Baba Makinta,11.86605,13.24044,197
Borno,Jere,Muna Bakassi,11.86513,13.24176,2520
Borno,Jere,Bulamatari Camp,11.88693,13.22286,515
Borno,Jere,Isa Gamai Camp,11.86494,13.23072,562
Borno,Jere,Muna Asheri Camp,11.86446,13.23083,2952
Borno,Jere,Bolori Store Muna,11.86436,13.22814,364
Borno,Jere,Shuwari-Kaleri Housing Unit Camp,11.88329,13.30563,18580
Borno,Jere,Mallam Isa Camp,11.86617,13.22997,117
Borno,Jere,Kolori Village Idp Camp,11.87126,13.21662,601
Borno,Jere,Ajilari,11.8238,13.07945,1104
Borno,Jere,Sajeri,11.81402,13.08114,792
Borno,Jere,Gomari,11.830911,13.081845,1508
Borno,Jere,Ndalori,11.81973,13.08098,658
Borno,Jere,Bulumkutu Ajaganaram,11.83247,13.09072,1975
Borno,Jere,Gumsuri,11.92244,13.21864,699
Borno,Jere,Goniri,11.92124,13.20369,601
Borno,Jere,Gongolong,11.92207,13.19123,3365
Borno,Jere,Bololo,11.92758,13.18298,374
Borno,Jere,Bulamari Hc,11.90858,13.19946,657
Borno,Jere,Bololo,11.92759,13.18299,349
Borno,Jere,Gongolong Hc/ Ajari Lawanti,11.92183,13.19133,3692
Borno,Jere,Goniri,11.92121,13.2037,549
Borno,Jere,Gremari,11.93675,13.18434,196
Borno,Jere,Kessa Kura,11.91911,13.19273,4846
Borno,Jere,Gongulong Camp,11.9227,13.18693,3229
Borno,Jere,Alajiri,11.83284,13.17941,1030
Borno,Jere,Adam Kolo Gwozari,11.83341,13.18753,1117
Borno,Jere,Adam Kolo,11.83193,13.19049,181
Borno,Jere,Gwozari,11.83417,13.19397,1181
Borno,Jere,London Ciki,11.83528,13.1842,1336
Borno,Jere,Kaleri/Zannari,11.840641,13.196727,571
Borno,Jere,Gomari Costin,11.82767,13.1874,2102
Borno,Jere,Zannari Kanti 10 Camp,11.85365,13.20161,352
Borno,Jere,Mairi,11.81705,13.18937,362
Borno,Jere,Abuna Street,11.81678,13.1902,1408
Borno,Jere,Adam Kolo Street,11.83334,13.18758,528
Borno,Jere,Bulama Audu Street,11.83363,13.18569,2161
Borno,Jere,Bulama Koroma Street,11.81605,13.19079,342
Borno,Jere,Bulama Askira Street,11.81568,13.19179,342
Borno,Jere,Golden Bread Street,11.82143,13.19619,175
Borno,Jere,Gomari Costin,11.82952,13.18655,630
Borno,Jere,Gombe Street (Layin Banda),11.83344,13.18422,1798
Borno,Jere,Kaleri Street,11.83254,13.1994,1530
Borno,Jere,Layin Fulani,11.82947,13.1867,1255
Borno,Jere,Goni Kachallari Alakarim,11.85541,13.21044,1770
Borno,Jere,Kwanan Yobe,11.84085,13.18804,994
Borno,Jere,505 Estate,11.85299,13.20175,533
Borno,Jere,Dogon Masallaci,11.84703,13.17985,1377
Borno,Jere,Shokari,11.85669,13.18903,1231
Borno,Jere,Dikwa Lowcost,11.85091,13.19294,1045
Borno,Jere,Alhaji Mustapha Babagana House,11.85664,13.19427,323
Borno,Jere,Bamodu House,11.85258,13.18114,147
Borno,Jere,Alhaji Adam House 2,11.84418,13.18612,185
Borno,Jere,Mala Sheriff Construction Company,11.85804,13.19984,465
Borno,Jere,Alhaji Bashir Liman House Camp,11.85872,13.19924,193
Borno,Jere,Alhaji Tar 1,11.85866,13.21539,387
Borno,Jere,Alhaji Tar 2,11.85765,13.21543,335
Borno,Jere,Wade -Wade Layin Bola,11.84957,13.19326,309
Borno,Jere,Kirenuwa Camp,11.85074,13.19245,174
Borno,Jere,Fato Kura,11.8542,13.18295,182
Borno,Jere,Bash Camp,11.85218,13.18255,372
Borno,Jere,Baderi Camp,11.84788,13.18567,394
Borno,Jere,Gidan Mongoro New Settlement 10,11.85995,13.20219,615
Borno,Jere,Shokari Camp,11.85653,13.1889,263
Borno,Jere,Aliri Yerimari,11.9225,13.22328,701
Borno,Jere,Khaddamari,11.94859,13.22575,739
Borno,Jere,Zabarmari,11.92639,13.24309,3213
Borno,Jere,Gabdori Hc,11.93155,13.22883,781
Borno,Jere,Addamari Hc,11.94918,13.2254,957
Borno,Jere,Khaddamari Qtrs Camp,11.94645,13.22154,1072
Borno,Jere,Ajari,11.86406,13.17404,1672
Borno,Jere,Faria,11.86692,13.18604,1761
Borno,Jere,Shuwari 4,11.87291,13.17267,2378
Borno,Jere,Shuwari 3,11.86921,13.17066,1563
Borno,Jere,Shuwari 2,11.87383,13.17541,2643
Borno,Jere,Shuwari 1,11.86665,13.16689,2135
Borno,Jere,Ali Ka'Ari (Lari Kari),11.86304,13.17292,3768
Borno,Jere,Madinatu Camp,11.86998,13.1807,19597
Borno,Jere,Faria Buzu Camp,11.87304,13.19019,199
Borno,Jere,Faria Gidan Block Camp,11.867267,13.181743,5954
Borno,Jere,Korso Bashir Camp,11.870047,13.16566,867
Borno,Jere,Shuwari Filling Ball Camp,11.86693,13.1655,1927
Borno,Jere,El-Miskin Camp I Camp,11.87779,13.17996,6330
Borno,Jere,Old Maiduguri Police Station Camp,11.87226,13.17357,445
Borno,Jere,El-Miskin Camp Ii Transitional Centre,11.88515,13.17488,21985
Borno,Jere,Wakshama,11.87192,13.16917,2334
Borno,Jere,Al-Yakub Camp,11.86904,13.16368,2111
Borno,Jere,Sheik Sheriff Tijjani Camp,11.87725,13.17697,201
Borno,Jere,Ajigab Camp,11.87509,13.18228,1057
Borno,Jere,Annur Camp,11.87146,13.181502,399
Borno,Jere,Sanawuya Camp,11.87771,13.16969,1288
Borno,Jere,Ahmed Grema,11.87257,13.1638,1899
Borno,Jere,Keza Ngala,11.8769,13.1644,179
Borno,Jere,Goni Audu Camp,11.87407,13.17336,158
Borno,Jere,Fulatari Camp,11.89303,13.1535,1841
Borno,Jere,Filling Alhaji Kashim,11.86176,13.16785,149
Borno,Jere,Faria Buzu 2 Camp,11.8722,13.18321,409
Borno,Jere,Al Yakub Extension,11.87844,13.16271,445
Borno,Jere,Madinatu Camp,11.86998,13.1807,283
Borno,Jere,Shuwari 2,11.87383,13.17541,174
Borno,Jere,Shuwari 4,11.87291,13.17267,72
Borno,Kaga,20 Housing Unit,11.81264,12.5055,145
Borno,Kaga,Lawanti Kura,11.80597,12.49292,1378
Borno,Kaga,Ajari,11.80548,12.4916,1330
Borno,Kaga,Mallumti,11.81084,12.47665,157
Borno,Kaga,Bulama Kadau,11.81118,12.49742,699
Borno,Kaga,Mangari,11.802123,12.498689,558
Borno,Kaga,Misheri,11.807731,12.482563,86
Borno,Kaga,Ajari,11.803346,12.495351,6314
Borno,Kaga,Bulama Kadau,11.8112,12.49745,1240
Borno,Kaga,Lawanti Kura,11.81143,12.49421,5058
Borno,Kaga,Mallumti,11.81086,12.47667,641
Borno,Kaga,Mangari,11.80389,12.49523,1134
Borno,Kaga,Misheri,11.807629,12.482611,576
Borno,Kaga,Gss Benisheikh,11.80058,12.47647,967
Borno,Kaga,Low Cost / Sdp,11.801065,12.494404,2075
Borno,Kaga,Magistrate,11.80784,12.49888,5974
Borno,Kaga,Nrc Camp,11.81635,12.49353,3621
Borno,Kaga,Aisha Buhari Camp,11.812792,12.500183,1375
Borno,Kaga,Lawanti Kura,11.83152,12.62892,544
Borno,Kaga,Lawanti Gana,11.82694,12.6305,449
Borno,Kaga,Lawanti Gana,11.82664,12.6308,3255
Borno,Kaga,Lawanti Kura,11.83154,12.62894,3285
Borno,Kaga,Ngamdu B,11.75949,12.25646,1891
Borno,Kaga,Ngamdu A,11.75955,12.25682,1169
Borno,Kaga,Ngamdu C,11.766196,12.26006,1527
Borno,Kaga,Ngamdu 'A',11.75953,12.25684,9333
Borno,Kaga,Ngamdu 'B',11.7573,12.25709,6577
Borno,Kaga,Ngamdu C,11.766337,12.260564,4779
Borno,Kaga,Old Secretariat Ngamdu Camp,11.762593,12.265062,468
Borno,Kaga,Wassaram,11.63194,12.320109,381
Borno,Kaga,Wassaram,11.631938,12.320107,1071
Borno,Kala/Balge,Boarding Primary School,12.266891,14.471803,6512
Borno,Kala/Balge,General Hospital Rann,12.266492,14.467953,4502
Borno,Kala/Balge,Klagaru Camp,12.269952,14.467853,16776
Borno,Kala/Balge,Ajari/Bulamari,12.270773,14.46599,13159
Borno,Konduga,Moromti,11.84614,13.05096,3262
Borno,Konduga,Old Airport,11.83843,13.07128,2403
Borno,Konduga,Kofar Kaderi,11.82156,13.06603,933
Borno,Konduga,Auno North,11.84768,12.93651,2233
Borno,Konduga,Jimtilo,11.84966,13.0229,2011
Borno,Konduga,1000 Housing,11.8452,13.05678,541
Borno,Konduga,Lowcost A,11.90525,13.09242,581
Borno,Konduga,Auno South,11.84445,12.93653,3375
Borno,Konduga,Tungushe Gana  A,12.0369,13.06965,1983
Borno,Konduga,Tungushe Ngur,12.02671,13.06188,1502
Borno,Konduga,Chabbol Ngubdori,11.90194,13.07051,1238
Borno,Konduga,Gambori,11.8443,13.0337,1022
Borno,Konduga,Birir,11.94275,13.07431,177
Borno,Konduga,Bokoiri,11.82478,13.04721,441
Borno,Konduga,Chabbol Kura I,11.95535,13.00253,396
Borno,Konduga,Chabbol Kura Ii,11.94891,13.009,189
Borno,Konduga,Chabbol Kurimari,11.935445,13.030227,216
Borno,Konduga,Gonni Sunnari Dongo Waya,11.9858,13.06213,219
Borno,Konduga,Kwaji Kwaji,11.9912,13.05993,153
Borno,Konduga,Tungushe Gana A,12.03666,13.06948,272
Borno,Konduga,Tungushe Gana B,12.03705,13.07403,317
Borno,Konduga,Tungushe Ngur,12.0267,13.06189,247
Borno,Konduga,Gida Talatin,11.81613,13.06732,212
Borno,Konduga,Eyn Church Shagari Lowcost Camp,11.89967,13.09151,224
Borno,Konduga,Subdo Buraye,11.998453,12.957879,292
Borno,Konduga,Tungushe Gana B,12.03667,13.06993,2188
Borno,Konduga,Amarwa Village,11.726758,13.298865,1192
Borno,Konduga,Veterinary,11.78875,13.20665,2560
Borno,Konduga,Dalori Qtrs,11.776262,13.216988,2183
Borno,Konduga,Dalori Village,11.754859,13.262016,4897
Borno,Konduga,Kofa,11.76352,13.24239,3384
Borno,Konduga,Dalori Quarters,11.77843,13.21772,277
Borno,Konduga,Dalori Village,11.75854,13.26611,3546
Borno,Konduga,Gaya Kofa,11.76373,13.2431,246
Borno,Konduga,Ngomari Kankiri,11.76806,13.23163,286
Borno,Konduga,Veterinary,11.78714,13.20352,167
Borno,Konduga,Yawuri Camp,11.77588,13.21718,1903
Borno,Konduga,Fulatari Camp,11.77033,13.22645,2166
Borno,Konduga,Shuwari,11.78066,13.21456,965
Borno,Konduga,Dalorima Camp,11.748,13.26339,702
Borno,Konduga,Fannamri,11.74833,13.26013,844
Borno,Konduga,Shuwari Gaya Camp,11.78495,13.21019,474
Borno,Konduga,Ngomari Karekiri,11.76863,13.23375,2133
Borno,Konduga,Malari,11.75856,13.26613,1389
Borno,Konduga,Jakana Mallambe,12.02669,13.06187,987
Borno,Konduga,Jakana Bidami,11.84362,12.7743,1373
Borno,Konduga,Nguro Futube,11.902015,13.07054,1264
Borno,Konduga,Jakana Binami,11.84394,12.77565,1551
Borno,Konduga,Jakana Bidami,11.75855,13.2661,1410
Borno,Konduga,Jakana Binami,11.76376,13.24314,2221
Borno,Konduga,Jakana Mallimbe,11.842004,12.77561,2516
Borno,Konduga,Nguro Futube,11.84126,12.77304,1044
Borno,Konduga,Mandarari I,11.66011,13.39857,3030
Borno,Konduga,Mandarari Ii,11.65882,13.40014,4020
Borno,Konduga,Galtimari,11.65578,13.41908,1985
Borno,Konduga,Abule Ii,11.73597,13.28389,230
Borno,Konduga,Mashamari Kuluye,11.66881,13.39255,7194
Borno,Konduga,28 Housing Estate,11.75857,13.26615,6161
Borno,Konduga,Abule 2,11.76374,13.24311,970
Borno,Konduga,Duwari,11.75859,13.26614,6370
Borno,Konduga,Galtimari,11.76378,13.2437,8139
Borno,Konduga,Kafan Ruwa,11.64359,13.4196,1054
Borno,Konduga,Mainari,11.6543,13.41831,8329
Borno,Konduga,Mandarari I,11.75852,13.26609,2398
Borno,Konduga,Mandarari Ii,11.76371,13.24308,2222
Borno,Konduga,Sabon Gari I,11.64837,13.41519,6433
Borno,Konduga,Sabon Gari Ii,11.64758,13.41633,4260
Borno,Konduga,Takari,11.65684,13.41605,4282
Borno,Konduga,Boarding School,11.66453,13.39605,13383
Borno,Konduga,Kalari Abule,11.73458,13.28333,5037
Borno,Konduga,Mashamari Kuluye,11.66881,13.39255,6399
Borno,Kwaya Kusar,Wandali,10.56637,11.95726,374
Borno,Kwaya Kusar,Wandali,10.56637,11.95726,33
Borno,Kwaya Kusar,Gusi/Billa,10.40158,12.01544,241
Borno,Kwaya Kusar,Guwal,10.54474,11.91426,344
Borno,Kwaya Kusar,Kubuku,10.42042,11.92782,232
Borno,Kwaya Kusar,Kurba,10.47027,11.77302,745
Borno,Kwaya Kusar,Biri,10.49534,11.84501,197
Borno,Kwaya Kusar,Anguwan Lafiya,10.50714,11.83768,297
Borno,Kwaya Kusar,Ibrahim Shehu Yamta,10.50466,11.83705,179
Borno,Kwaya Kusar,Kofan Hakimi,10.49794,11.83409,130
Borno,Kwaya Kusar,Kogu Chiri,10.50244,11.83563,427
Borno,Kwaya Kusar,Madu Ali,10.49876,11.8415,184
Borno,Kwaya Kusar,Mamman Birgila,10.50774,11.84708,273
Borno,Kwaya Kusar,Sabon Gari,10.49291,11.83643,361
Borno,Kwaya Kusar,Galdimare,10.34373,11.92448,292
Borno,Kwaya Kusar,Peta Yaulari,10.33964,11.92654,269
Borno,Kwaya Kusar,Wada,10.36408,11.96833,267
Borno,Kwaya Kusar,Milda Pesingo,10.36089,11.97128,148
Borno,Kwaya Kusar,Wawa,10.47104,11.91384,210
Borno,Kwaya Kusar,Yimirthlang,10.38202,11.85971,296
Borno,Mafa,Ngwom,11.88424,13.34223,2578
Borno,Mafa,Nedc Camp,11.9257366,13.5950127,4730
Borno,Mafa,Hausari,11.92165,13.60094,803
Borno,Mafa,Bulamari,11.92651,13.60131,864
Borno,Mafa,Tukuleri,11.922995,13.596982,507
Borno,Mafa,Ajari,11.92465,13.6019,615
Borno,Mafa,Wulari,11.92237,13.60418,719
Borno,Mafa,Ajari,11.92281,13.60064,4731
Borno,Mafa,Bulamari,11.9177921,13.5994732,1179
Borno,Mafa,Hausari,11.92118,13.60027,10221
Borno,Mafa,Tukuleri,11.92741,13.59879,1859
Borno,Mafa,Wulari,11.92239,13.6042,3920
Borno,Mafa,Government Girls' Secondary School,11.92033,13.59153,33801
Borno,Magumeri,Fulatari,12.26026,13.10827,2025
Borno,Magumeri,Lawanti,12.11471,12.282943,4195
Borno,Magumeri,Dawale,12.111471,12.82943,4260
Borno,Magumeri,Dawale,12.2595,13.11166,987
Borno,Magumeri,Fulatari,12.26148,13.11147,923
Borno,Magumeri,Lawanti,12.26153,13.11146,870
Borno,Magumeri,Ggss Gajiganna Camp,12.25596,13.09907,3580
Borno,Magumeri,Ggss Quarters,12.2542,13.09838,1868
Borno,Magumeri,Malayi Camp,12.25079,13.10118,1305
Borno,Magumeri,Bare Camp,12.26342,13.10484,2231
Borno,Magumeri,Lawanti Ajiri,12.2597,13.11167,4263
Borno,Magumeri,Modu Ajiri,12.26105,13.11107,3592
Borno,Magumeri,Lawanti Ajari,12.2598,13.11168,1750
Borno,Magumeri,Modu Ajiri,12.2615,13.11149,1887
Borno,Magumeri,Modu Kemeri,12.11736,12.82823,1913
Borno,Magumeri,Kasugula,12.11548,12.82431,4034
Borno,Magumeri,20 Housing,12.11256,12.83307,1170
Borno,Magumeri,Lawanti Ajiri H/C,12.11504,12.82843,1095
Borno,Magumeri,Wakilti H/C,12.11584,12.82752,856
Borno,Magumeri,Kasugula,12.11532,12.82433,2278
Borno,Magumeri,Lawanti A,12.11315,12.82666,2022
Borno,Magumeri,Modu Kimeri,12.11506,12.82982,977
Borno,Magumeri,Camp A,12.12092,12.82501,890
Borno,Magumeri,Camp B,12.11887,12.83561,830
Borno,Maiduguri,Chezcoan Fed. Lowcost,11.86448,13.11843,2587
Borno,Maiduguri,Dubai,11.88966,13.10277,2895
Borno,Maiduguri,Shagari Lowcost B,11.89986,13.08797,1736
Borno,Maiduguri,Shuwari 4Jtf Head Quarters,11.86807,13.10605,778
Borno,Maiduguri,Musari,11.88638,13.10826,2588
Borno,Maiduguri,Bukar Kumshe,11.86502,13.10721,2042
Borno,Maiduguri,Bolori Layout,11.85532,13.132,1476
Borno,Maiduguri,By-Pass,11.852356,13.109825,4941
Borno,Maiduguri,Old Bolori,11.86052,13.12747,1702
Borno,Maiduguri,Shuwari I,11.84851,13.11132,1944
Borno,Maiduguri,Malmari H/C,11.88463,13.09222,1048
Borno,Maiduguri,Shuwari 3,11.85081,13.11643,416
Borno,Maiduguri,Shuwari 5,11.8772,13.10735,2196
Borno,Maiduguri,Sabongari Buzu Camp,11.847629,13.109004,287
Borno,Maiduguri,Federal Low Cost Chezcoan Camp,11.86622,13.11681,275
Borno,Maiduguri,Bullet Quarters Camp,11.855489,13.140317,154
Borno,Maiduguri,Sabon Gari Ii,11.84704,13.109935,745
Borno,Maiduguri,Shuwari 5 Camp,11.87609,13.11325,3061
Borno,Maiduguri,African Mission Global Camp,11.89481,13.08895,169
Borno,Maiduguri,Abbari Camp,11.88656,13.11039,231
Borno,Maiduguri,Babban Gida 2 Camp,11.85974,13.11743,168
Borno,Maiduguri,Babban Gida 1 Camp,11.85881,13.11918,233
Borno,Maiduguri,Gidan Gawo Camp,11.85843,13.12143,335
Borno,Maiduguri,Anglican Church,11.83752,13.09972,71
Borno,Maiduguri,Gidan Dogo Camp,11.87339,13.11308,196
Borno,Maiduguri,Abdulrahman Camp,11.87709,13.0972,763
Borno,Maiduguri,Musari Korin Tanki Camp,11.8587,13.11917,291
Borno,Maiduguri,Bayan Texaco,11.879385,13.120029,11022
Borno,Maiduguri,Bayan Tashan Baga,11.873646,13.12383,3684
Borno,Maiduguri,Jajeri Borehole,11.870965,13.132457,3754
Borno,Maiduguri,Jajeri,11.873494,13.127689,9255
Borno,Maiduguri,Ummarari Bus Stop,11.86934,13.138925,5299
Borno,Maiduguri,Ummarari Kangaliya,11.872919,13.13397,2342
Borno,Maiduguri,Jajeriyamma Da Makabarta,11.871301,13.128544,2142
Borno,Maiduguri,Jajeri Budumari,11.886328,13.130132,1634
Borno,Maiduguri,Jajeri Kantudu,11.878697,13.134726,3579
Borno,Maiduguri,Jajeri Kantishabiyu,11.870228,13.135101,2966
Borno,Maiduguri,Ngarannam,11.876419,13.139593,15154
Borno,Maiduguri,Umarari Songhai,11.868915,13.138418,668
Borno,Maiduguri,Karantina,11.873668,13.139998,83
Borno,Maiduguri,Real Form Camp,11.865151,13.146608,121
Borno,Maiduguri,Doron Baga Camp,11.885187,13.120158,173
Borno,Maiduguri,Malam Terab,11.8369,13.15797,56
Borno,Maiduguri,Niyo Street,11.83547,13.15787,48
Borno,Maiduguri,Layin Dankaforo/Apolo,11.8355,13.155815,51
Borno,Maiduguri,Ag Satomi,11.83755,13.16008,88
Borno,Maiduguri,Ali Goni,11.8537,13.15922,57
Borno,Maiduguri,Bazanfareri,11.84266,13.15332,226
Borno,Maiduguri,Furemari,11.84434,13.15469,221
Borno,Maiduguri,Furmari,11.8435,13.15406,221
Borno,Maiduguri,Lawanti,11.84113,13.15652,219
Borno,Maiduguri,Sa'Inari Damaturu Street,11.84491,13.15613,246
Borno,Maiduguri,Gamboru I,11.85268,13.16987,347
Borno,Maiduguri,Gamboru Ii,11.85403,13.16827,501
Borno,Maiduguri,Gamboru Iii,11.85351,13.16894,198
Borno,Maiduguri,Kasuwa Shanu Gidan Kifi Camp,11.85775,13.18104,184
Borno,Maiduguri,Allamin Dagash Garage,11.85737,13.16797,424
Borno,Maiduguri,Maijir,11.83688,13.14378,598
Borno,Maiduguri,Dalori Gana,11.83529,13.16712,1084
Borno,Maiduguri,Mamman Shuwa,11.84169,13.17135,1301
Borno,Maiduguri,Zawuya,11.84159,13.17123,964
Borno,Maiduguri,Ali Askiris,11.82674,13.17269,1309
Borno,Maiduguri,Askira Street,11.82823,13.16957,1150
Borno,Maiduguri,Usman Tobacco,11.82085,13.16991,232
Borno,Maiduguri,Sabon Gari,11.83029,13.16428,294
Borno,Maiduguri,Gangan/Talakari,11.8253,13.16108,239
Borno,Maiduguri,Ganyala,11.82731,13.16305,400
Borno,Maiduguri,Layin Dan Bauchi,11.83314,13.16734,391
Borno,Maiduguri,Umar Ali Gardener Camp,11.83515,13.17593,114
Borno,Maiduguri,Ibrahim Biu,11.82784,13.16887,1151
Borno,Maiduguri,Mai Fema,11.82082,13.17727,959
Borno,Maiduguri,Goni Kolo,11.82279,13.17605,997
Borno,Maiduguri,Bana Bohma,11.82275,13.17587,915
Borno,Maiduguri,Mala Karasuwa,11.82457,13.17519,953
Borno,Maiduguri,Kangalafaya,11.84165,13.15251,326
Borno,Maiduguri,Hausari Tsakiya,11.84045,13.15171,181
Borno,Maiduguri,Torotoroma,11.84245,13.15038,352
Borno,Maiduguri,Hausari Dandamari,11.84211,13.14973,328
Borno,Maiduguri,Shuwari,11.847194,13.121034,4384
Borno,Maiduguri,Kumshe,11.85651,13.14989,1319
Borno,Maiduguri,Jerusalem,11.84156,13.13937,1985
Borno,Maiduguri,Tudun Wada,11.837768,13.113225,145
Borno,Maiduguri,Bayan Quarters,11.86854,13.15871,1480
Borno,Maiduguri,Lawan Bukar,11.85103,13.15745,430
Borno,Maiduguri,Eyn Can Centre Camp,11.84466,13.13659,2267
Borno,Maiduguri,Dujima Camp,11.849397,13.140029,136
Borno,Maiduguri,Dcc Shuwari Camp,11.844172,13.117595,780
Borno,Maiduguri,Grema Mohammed Camp,11.84896,13.14325,171
Borno,Maiduguri,Old Inec Camp,11.859778,13.156869,142
Borno,Maiduguri,Marte Camp,11.85911,13.154832,119
Borno,Maiduguri,Railway Terminus Camp,11.861814,13.157589,377
Borno,Maiduguri,Pampas Street Camp,11.861418,13.15608,332
Borno,Maiduguri,Tamsuwa,11.85038,13.16359,180
Borno,Maiduguri,Difinowa,11.84617,13.16259,209
Borno,Maiduguri,Kawuskemari,11.84871,13.16408,249
Borno,Maiduguri,Adam Kolo,11.84087,13.16214,202
Borno,Maiduguri,Kaliyari,11.84572,13.16352,261
Borno,Maiduguri,Kangarmaka,11.84414,13.16487,254
Borno,Maiduguri,Kangarmaka Camp,11.84341,13.16508,224
Borno,Maiduguri,Goni Zarami,11.84392,13.14909,1721
Borno,Maiduguri,Fulatari,11.85105,13.14951,1762
Borno,Maiduguri,Ari Askiri,11.85225,13.1466,1388
Borno,Maiduguri,Mafoni Kura,11.84887,13.1506,1320
Borno,Maiduguri,Bandari,11.84996,13.14671,1638
Borno,Maiduguri,Kalwa,11.84769,13.15179,1948
Borno,Maiduguri,Ajiri I,11.79153,13.1273,57
Borno,Maiduguri,Kulolori,11.80774,13.13229,5371
Borno,Maiduguri,Kusheri,11.79097,13.13214,2140
Borno,Maiduguri,Polo,11.79419,13.14185,1987
Borno,Maiduguri,G.R.A,11.80658,13.16301,1794
Borno,Maiduguri,Sulumri,11.8018,13.1187,5181
Borno,Maiduguri,Moduganari,11.82514,13.11858,7317
Borno,Maiduguri,Suleimanti,11.79864,13.13423,5437
Borno,Maiduguri,Bulumkutu Kasuwa,11.83227,13.09082,2248
Borno,Maiduguri,Bulumkutu Abuja,11.82657,13.11143,6210
Borno,Maiduguri,Abbakarti,11.79704,13.12343,2350
Borno,Maiduguri,Abuja Talakawa,11.81755,13.1162,6619
Borno,Maiduguri,Damboa Road,11.80833,13.13658,4155
Borno,Maiduguri,Massa Mallumbe,11.79343,13.10725,3658
Borno,Maiduguri,44G,11.78518,13.1248,1093
Borno,Maiduguri,Kanadari,11.76665,13.11095,817
Borno,Maiduguri,Bulabulin Gaura,11.8003,13.13363,150
Borno,Maiduguri,Awulam Camp,11.79,13.13433,133
Borno,Maiduguri,Yajiwa Camp Kusheri,11.78821,13.13046,1532
Borno,Maiduguri,Kuru Camp,11.79932,13.13605,677
Borno,Maiduguri,Ajiri Ii Camp,11.79117,13.13416,211
Borno,Maiduguri,Goni Kyarimi Camp,11.79723,13.11242,411
Borno,Maiduguri,Umarari Camp,11.80198,13.11588,701
Borno,Maiduguri,Fulatari Farin Ruwa Camp,11.80155,13.11315,235
Borno,Maiduguri,Abatchari Camp,11.79455,13.13392,138
Borno,Maiduguri,Yejiwa Borehole Camp,11.78785,13.1313,510
Borno,Maiduguri,Mashidimami Camp,11.80055,13.12229,777
Borno,Maiduguri,Bulamari Ahmadu Camp,11.79557,13.12233,342
Borno,Maiduguri,Dogon Iche Camp,11.80332,13.1189,825
Borno,Maiduguri,Mashidimami Ii,11.79791,13.12197,457
Borno,Maiduguri,Sabon Koori Camp,11.79873,13.11313,600
Borno,Maiduguri,Sulumri Bakin Kwalta Camp,11.80175,13.12033,262
Borno,Maiduguri,Suleimanti Musanti Camp,11.79777,13.13867,178
Borno,Maiduguri,Modu Kumbu Camp,11.79785,13.1358,112
Borno,Maiduguri,Hadiza Camp,11.79872,13.11963,280
Borno,Maiduguri,Galtimari,11.85155,13.15701,169
Borno,Maiduguri,Goniri,11.85117,13.15719,220
Borno,Maiduguri,Gangamari,11.85319,13.15925,294
Borno,Maiduguri,Mundulmari,11.85582,13.1582,221
Borno,Maiduguri,Kawar Maila,11.85596,13.16123,198
Borno,Maiduguri,Kumuzumari,11.85598,13.16136,196
Borno,Maiduguri,Engine Katako,11.84515,13.15681,448
Borno,Maiduguri,Talbari,11.84503,13.15788,415
Borno,Maiduguri,Alajeri,11.84375,13.15944,545
Borno,Maiduguri,Waziriri,11.84573,13.16028,445
Borno,Mobbar,Lawanti,13.109664,12.505686,3192
Borno,Mobbar,Damasak Central,13.10582,12.507046,3257
Borno,Mobbar,Kairi,13.106793,12.512799,5387
Borno,Mobbar,Chunguluski,13.11439,12.50328,537
Borno,Mobbar,Chuguluski,13.11483,12.50346,106
Borno,Mobbar,Damasak Central,13.10648,12.50633,25835
Borno,Mobbar,Kairi,13.10502,12.51377,8457
Borno,Mobbar,Lawanti,13.1104,12.50907,20479
Borno,Mobbar,Gsss Camp Damasak Camp,13.112261,12.517816,69794
Borno,Mobbar,Bulama A Modu,13.099033,12.506668,2139
Borno,Mobbar,Bulama Koyumbe,13.103736,12.513439,2456
Borno,Mobbar,Bulama Kyari,13.095111,12.511608,2009
Borno,Mobbar,Masakale,13.08006,12.52159,246
Borno,Mobbar,Bayan Secretariat Hc,13.097144,12.519182,275
Borno,Mobbar,Bayan Secreteriat,13.09589,12.51966,470
Borno,Mobbar,Bulama A. Modu,13.0991,12.5068,9080
Borno,Mobbar,Bulama Koyombe,13.10188,12.511,7628
Borno,Mobbar,Bulama Kyari,13.10183,12.50914,5443
Borno,Mobbar,Massa Kale,13.08004,12.52161,304
Borno,Monguno,Low Cost,12.67354,13.61743,3085
Borno,Monguno,Shuwari,12.66666,13.60677,4338
Borno,Monguno,Fulatari,12.67293,13.60385,5544
Borno,Monguno,Marina Bololo,12.66691,13.61369,2802
Borno,Monguno,Kuya,12.66454,13.62051,3238
Borno,Monguno,New Lawanti,12.67002,13.61311,2584
Borno,Monguno,Gana Ali,12.67585,13.62428,7576
Borno,Monguno,Abbari,12.66782,13.59978,4065
Borno,Monguno,Ajari Kumburi,12.66669,13.61669,2771
Borno,Monguno,Bakasi,12.6664,13.60936,2830
Borno,Monguno,Charamari,12.6734,13.60743,3773
Borno,Monguno,Gumsuri,12.67408,13.6148,2074
Borno,Monguno,Hausari,12.61148,13.66834,1901
Borno,Monguno,Abbari,12.66785,13.5998,4508
Borno,Monguno,Ajari Kumburi,12.66668,13.61671,6379
Borno,Monguno,Bakasi,12.66639,13.60938,3176
Borno,Monguno,Charamari,12.6736,13.60746,2831
Borno,Monguno,Fulatari,12.67441,13.60493,4922
Borno,Monguno,Gana Ali,12.67579,13.6209,2845
Borno,Monguno,Gumsuri,12.67411,13.6151,2330
Borno,Monguno,Hausari,12.61145,13.66835,3309
Borno,Monguno,Kuya,12.66617,13.61985,3903
Borno,Monguno,Low-Cost,12.6729,13.62045,4407
Borno,Monguno,Marina Bololo,12.66085,13.61463,6557
Borno,Monguno,New Lawanti,12.67357,13.61231,3431
Borno,Monguno,Shuwari,12.66722,13.60047,2479
Borno,Monguno,Government Girls Secondary School (Ggss),12.67954,13.62306,20983
Borno,Monguno,Ngurno,12.68552,13.62026,5361
Borno,Monguno,Kuya Primary School,12.66375,13.61947,10014
Borno,Monguno,Gana Ali Camp,12.67141,13.62468,4056
Borno,Monguno,Gardener Low Cost,12.67214,13.61943,1035
Borno,Monguno,Water Board,12.68426,13.61469,31102
Borno,Monguno,Government Day Secondary School (Gdss),12.67309,13.60536,4480
Borno,Monguno,Nrc 1 & 2,12.66615,13.62409,4032
Borno,Monguno,Gssss Monguno,12.68006,13.61071,16681
Borno,Monguno,Vertinary,12.67,13.60701,4729
Borno,Monguno,Fulatari Camp,12.67535,13.60172,9808
Borno,Monguno,Stadium Camp Monguno,12.66566,13.6268,3246
Borno,Ngala,Zawuya,12.37509,14.21556,1510
Borno,Ngala,Ghana,12.37355,14.21753,2643
Borno,Ngala,Ghana,12.37357,14.21755,6826
Borno,Ngala,Zawuya,12.37511,14.2155,9720
Borno,Ngala,Zawuya,12.37509,14.21556,536
Borno,Ngala,Zawuya,12.37509,14.21556,423
Borno,Ngala,Alhaji Fokki,12.3749,14.20691,583
Borno,Ngala,Alhaji Fokki,12.3749,14.20691,463
Borno,Ngala,Kasuwan Shanu,12.37949,14.20404,1886
Borno,Ngala,Alhaji Fokki,12.3749,14.20691,1635
Borno,Ngala,Bash Wade Wade,12.37399,14.20028,1862
Borno,Ngala,Alhaji Fokki,12.37488,14.2071,11362
Borno,Ngala,Bash Wade,12.37147,14.19866,16046
Borno,Ngala,Kasuwan Shanu,12.38086,14.20381,13427
Borno,Ngala,Kasuwan Shanu,12.37949,14.20404,518
Borno,Ngala,Kasuwan Shanu,12.37949,14.20404,504
Borno,Ngala,Wulari,12.34336,14.1882,1507
Borno,Ngala,Central Mosque,12.34,14.18698,1733
Borno,Ngala,Central Mosque,12.33983,14.18625,13734
Borno,Ngala,Wulari,12.34223,14.1883,3501
Borno,Ngala,International School Camp,12.35903,14.1704,39751
Borno,Ngala,Arabic Village Camp,12.34706,14.34706,33250
Borno,Ngala,Zullum Camp,12.35231,14.17489,5240
Borno,Ngala,Kaigama Usman Camp,12.34825,14.18891,4229
Borno,Ngala,Abuja,12.3663,14.20805,503
Borno,Ngala,Abuja,12.3663,14.20805,736
Borno,Ngala,Abuja,12.3663,14.20805,2227
Borno,Ngala,Gamboru Dina,12.37221,14.21832,2572
Borno,Ngala,Kanumburi,12.36534,14.21466,2422
Borno,Ngala,Abuja Hc,12.36822,14.21085,6762
Borno,Ngala,Gamboru Dina,12.37224,14.21836,15526
Borno,Ngala,Kanumburi Hc,12.36532,14.21452,12212
Borno,Ngala,Gamboru Dina,12.37221,14.21832,648
Borno,Ngala,Gamboru Dina,12.37221,14.21832,1019
Borno,Ngala,Kanumburi,12.36534,14.21466,608
Borno,Ngala,Kanumburi,12.36534,14.21466,713
Borno,Ngala,Ladari,12.39405,14.19257,1512
Borno,Ngala,Ladari Host Community,12.39324,14.19078,2516
Borno,Ngala,Ladari,12.39405,14.19257,173
Borno,Ngala,Ladari,12.39405,14.19257,81
Borno,Shani,Anguwan Hausawa,10.08975,11.96592,157
Borno,Shani,Sabon Fege,10.08767,11.95846,135
Borno,Shani,Anguwan Lawan,10.0904,11.98521,104
Borno,Shani,Kirkalla,10.08773,11.95863,102
Borno,Shani,Anguwan Jauro Tukur,10.08654,11.95693,112
Borno,Shani,Bakin Kasuwa,10.08752,11.9574,92
Borno,Shani,Gargayi,10.33294,12.17821,168
Borno,Shani,Garkuwa,10.32892,12.17843,397
Borno,Shani,Labiri,10.22087,11.82167,104
Borno,Shani,Anguwan Liman,10.05986,11.94209,115
Borno,Shani,Sarki Noma,10.0496,11.9229,109
Borno,Shani,Anguwan Hakimi,10.04698,11.91499,181
Borno,Shani,Kashim,10.13379,12.06259,157
Borno,Shani,Boruwa,10.27526,12.14238,148
Borno,Shani,Lajajawa,10.06103,11.82708,42
Borno,Shani,Dungo Waja,10.10237,12.02952,156
Borno,Shani,Kurara,10.18447,11.96274,201
Borno,Shani,Anguwan Mamilo,10.21643,12.06017,112
Borno,Shani,Lejejewa,10.227399,12.052203,357
Borno,Shani,Anguwan Bebeto,10.21692,12.06683,216
Borno,Shani,Dalan Wishi,10.24124,11.97156,87
Yobe,Bade,Musari,12.8463,10.76098,433
Yobe,Bade,Dagona,12.84459,10.76196,512
Yobe,Bade,Gwio-Kura,12.699419,11.101292,185
Yobe,Bade,Katuzu,12.86636,11.03306,1113
Yobe,Bade,Nayinawa,12.86341,11.0366,715
Yobe,Bade,Fulatari,12.88077,11.03134,1505
Yobe,Bade,Sabon Gari,12.87211,11.03252,881
Yobe,Bade,Garin Lamido,12.88994,11.03299,1858
Yobe,Bade,Abujan Amare,12.88942,11.04278,2379
Yobe,Bade,Kesewa,12.88179,11.04068,1129
Yobe,Bade,Lawan Fannami,12.87679,11.04181,1977
Yobe,Bade,Malam Yakubu,12.88107,11.05028,3172
Yobe,Bade,Dan-Ladi,12.87982,11.04732,375
Yobe,Bade,Sarkin Hausawa,12.88238,11.04039,1177
Yobe,Bade,Sarki,12.86701,11.04286,517
Yobe,Bade,Paga,12.84303,10.87739,134
Yobe,Bade,Dawayo,12.87445,10.86285,60
Yobe,Bade,Azam,12.84071,10.90928,1689
Yobe,Bade,Azbak,12.85416,10.95612,270
Yobe,Bade,Zango 2,12.88259,11.03097,3598
Yobe,Bade,Zango 1,12.87863,11.03681,2595
Yobe,Bade,Ganama,12.87821,11.0505,1759
Yobe,Bursari,Fulatari,12.76775,11.51137,101
Yobe,Bursari,Makarahuta,12.76731,11.50531,148
Yobe,Bursari,Tsangaya,12.76956,11.50971,182
Yobe,Bursari,Bakin Asbiti,12.76931,11.51027,118
Yobe,Bursari,Bakin Tasha,12.76758,11.50887,326
Yobe,Bursari,Dere,12.49626,11.49746,242
Yobe,Bursari,Tsohon Tasha,12.49782,11.50642,465
Yobe,Bursari,Korsori,12.49632,11.49743,436
Yobe,Bursari,Matruga,12.49921,11.50512,368
Yobe,Bursari,Ajari,12.49237,11.49531,154
Yobe,Bursari,Bamusa,12.81617,11.055542,173
Yobe,Bursari,Burum,12.81673,11.05393,141
Yobe,Bursari,Dogon Jawa,12.81746,11.05487,215
Yobe,Bursari,Jawa,12.81371,11.04101,145
Yobe,Bursari,Tsamiya,12.82015,11.05681,173
Yobe,Bursari,Guba,12.79465,11.39431,91
Yobe,Bursari,Sabon Garin Guba,12.79458,11.39343,137
Yobe,Bursari,Aisaganari,12.79426,11.39318,230
Yobe,Bursari,Ajiri B,12.81805,11.58632,294
Yobe,Bursari,Bulamari,12.81824,11.58753,259
Yobe,Bursari,Goniri,12.81903,11.58821,213
Yobe,Bursari,Karauri,12.81703,11.58552,146
Yobe,Bursari,Ajari,12.84321,11.52423,197
Yobe,Bursari,Bulamari,12.84227,11.52314,138
Yobe,Bursari,Sambori,12.84132,11.52357,147
Yobe,Bursari,Tsangaya,12.84615,11.52331,164
Yobe,Damaturu,Forestry,11.74774,11.95832,426
Yobe,Damaturu,Bindigari,11.74645,11.95528,372
Yobe,Damaturu,Pawari,11.75495,11.95778,570
Yobe,Damaturu,Damakasu,11.79215,12.14163,150
Yobe,Damaturu,Bukar Abba House,11.72998,11.98092,228
Yobe,Damaturu,Ganyen Kura,11.70929,11.95248,210
Yobe,Damaturu,Abbari Abuja,11.70743,11.94323,675
Yobe,Damaturu,Abari Y.B.C Camp,11.69237,11.94461,420
Yobe,Damaturu,Mistri,11.68608,12.04774,186
Yobe,Damaturu,Maduri,11.73333,12.01289,474
Yobe,Damaturu,Gambir,11.63907,12.05818,420
Yobe,Damaturu,Alhajeri,11.71258,12.03878,155
Yobe,Damaturu,Gambir,11.63922,12.05896,2760
Yobe,Damaturu,Malumti,11.77258,12.15667,336
Yobe,Damaturu,Mittri,11.68494,12.04841,765
Yobe,Damaturu,Kasaisa Village Camp,11.66325,11.93567,2232
Yobe,Damaturu,Kallallawa,11.9374,11.85637,408
Yobe,Damaturu,Gabai,11.93924,11.75474,612
Yobe,Damaturu,Shuwari,11.93241,11.85844,726
Yobe,Damaturu,Warsala,11.75935,12.23241,510
Yobe,Damaturu,Warsala,11.75761,12.23176,432
Yobe,Damaturu,Kukareta Camp,11.74533,12.18555,7866
Yobe,Damaturu,Ngabrawa,11.72166,12.12622,258
Yobe,Damaturu,Maisandari,11.7387,12.01221,805
Yobe,Damaturu,Nguro Yalaye,11.72412,12.12533,590
Yobe,Damaturu,Usmanti,11.71751,12.12621,640
Yobe,Damaturu,Sumsumma,11.75865,12.00268,306
Yobe,Damaturu,Furi,11.73006,12.07347,1050
Yobe,Damaturu,Moh'D Gombe Farm,11.72656,12.03608,294
Yobe,Damaturu,Huri Village Camp,11.72652,12.03586,858
Yobe,Damaturu,Murfa Kalam,11.7298,11.91611,450
Yobe,Damaturu,Dikumari,11.70308,11.83899,318
Yobe,Damaturu,Vetenary Camp,11.7273,11.91341,225
Yobe,Damaturu,Kandahar,11.7431,11.93943,978
Yobe,Damaturu,Nayinawa Pilgrims ,11.74153,11.94976,168
Yobe,Damaturu,Unguwar Boka,11.74278,11.94858,976
Yobe,Damaturu,Nayinawa,11.74516,11.95749,930
Yobe,Damaturu,Pompomari Jammaina,11.75789,11.96639,882
Yobe,Damaturu,Njiwaji,11.74715,11.96828,410
Yobe,Damaturu,Farin Masallaci,11.75271,11.96708,624
Yobe,Fika,Korori,11.28103,11.31019,225
Yobe,Fika,Anzai,11.24487,11.33144,236
Yobe,Fika,Mainari,11.28176,11.30598,283
Yobe,Fika,Fukumari,11.285,11.3057,306
Yobe,Fika,Bogaru,11.29147,11.3062,200
Yobe,Fika,Bore Hole,11.28592,11.22201,248
Yobe,Fika,Kampani,11.29021,11.23062,190
Yobe,Fika,Hausari,11.284,11.22215,150
Yobe,Fika,Tsohuwar Kasuwa,11.28576,11.22026,278
Yobe,Fika,Godowoli,11.31287,10.98436,198
Yobe,Fika,Babaji,11.31452,11.2303,208
Yobe,Fika,Gashinge,11.29044,11.11658,190
Yobe,Fika,Jar Kasa,11.10581,11.37048,347
Yobe,Fika,Ang Damuna,11.10532,11.37922,281
Yobe,Fika,Ang. Ngamawa,11.10076,11.37584,280
Yobe,Fune,Sabon Gari,11.6794,11.34025,528
Yobe,Fune,Sabon Layi,11.67955,11.33309,473
Yobe,Fune,Bakkati,11.675555,11.336746,581
Yobe,Fune,Indabu,11.67721,11.33644,218
Yobe,Fune,Dogon Rijiya,11.683552,11.34067,308
Yobe,Fune,Limanti,11.67024,11.41683,391
Yobe,Fune,Wakilti,11.67078,11.41412,215
Yobe,Fune,Bulamari,11.6643,11.41826,192
Yobe,Fune,Funai Camp,11.66594,11.41976,318
Yobe,Fune,Sabon Layi,11.688123,11.613321,121
Yobe,Fune,Gangara,11.67941,11.6213,66
Yobe,Fune,Mubiyar,11.694121,11.69829,93
Yobe,Fune,Bulamari,11.68811,11.623318,285
Yobe,Fune,Yabawa,11.68731,11.62007,150
Yobe,Fune,Alijaji,11.66466,11.27036,97
Yobe,Fune,Bulama Jaji,11.66754,11.27217,48
Yobe,Fune,Wailare,11.98366,11.44391,96
Yobe,Fune,Gamji,11.97658,11.44113,46
Yobe,Fune,Sabon Layi,11.98236,11.43681,65
Yobe,Fune,Fada,11.9824,11.44085,75
Yobe,Fune,Kayeri,11.52789,11.45689,64
Yobe,Fune,Kagadama,11.88441,11.28305,48
Yobe,Fune,Dangas,11.88137,11.28553,35
Yobe,Fune,Sabon Layi,11.88109,11.28563,32
Yobe,Fune,Bulamari,11.82855,11.60856,44
Yobe,Geidam,Anguwar Area,12.909561,11.920752,1144
Yobe,Geidam,Mai Malah Estate,12.913253,11.935908,442
Yobe,Geidam,Ari Lawan St.,12.900999,11.927242,403
Yobe,Geidam,Ganye Kura,12.901531,11.922925,448
Yobe,Geidam,Ajari,12.900476,11.936283,494
Yobe,Geidam,Ajari,12.890799,11.928946,12221
Yobe,Geidam,Anguwar Area,12.882227,11.932188,13923
Yobe,Geidam,Ari Lawan Street,12.87626,11.92833,13533
Yobe,Geidam,Ganyekura,12.889749,11.925685,11609
Yobe,Geidam,Lawanti,12.83494,11.69123,130
Yobe,Geidam,Ajeribulin,12.82751,11.72023,133
Yobe,Geidam,Lawan Bukarti,12.83478,11.84489,240
Yobe,Geidam,Kwari,12.83284,11.69083,100
Yobe,Geidam,Bulamuwarti,12.836,11.75135,110
Yobe,Geidam,Bulamari,12.83713,11.751174,135
Yobe,Geidam,Alh. Baffa Street,12.89391,11.92637,767
Yobe,Geidam,Garin Zarami,12.88222,11.93218,1444
Yobe,Geidam,Kusurmari,12.87626,11.92833,1581
Yobe,Geidam,Samunaka,12.884693,11.91623,182
Yobe,Geidam,Yaroba Street,12.8935,11.92481,1014
Yobe,Geidam,Alhaji Baffa Street,12.890797,11.928943,15314
Yobe,Geidam,Garin Zarami,12.882225,11.932189,23205
Yobe,Geidam,Kusurmari,12.876259,11.92833,21814
Yobe,Geidam,Yaroba Street,12.889748,11.925682,16783
Yobe,Geidam,Fulatari,12.88918,11.936236,754
Yobe,Geidam,Kwata,12.89531,11.92041,1158
Yobe,Geidam,Alh Yakubu St.,12.896677,11.926898,319
Yobe,Geidam,Anguwar Kanti,12.89533,11.92624,403
Yobe,Geidam,Alhaji Yakubu Street,12.89727,11.93037,12142
Yobe,Geidam,Anguwar Kanti,12.895119,11.926604,16189
Yobe,Geidam,Kwata,12.894177,11.920969,14599
Yobe,Geidam,Zanna Nur Street,12.898049,11.933956,17173
Yobe,Geidam,Zanna Nur Street,12.890243,11.934433,923
Yobe,Geidam,Bulamari,12.76302,11.84669,142
Yobe,Geidam,Shetimari,12.76263,11.84766,142
Yobe,Geidam,Lawanti,12.76212,11.84747,140
Yobe,Geidam,Gurobomaye,12.76145,11.84668,122
Yobe,Geidam,Walimari,12.86793,11.89856,180
Yobe,Geidam,Ganye Kura,12.86803,11.89971,130
Yobe,Geidam,Malafari,12.86763,11.89749,150
Yobe,Geidam,Bulamari,12.86724,11.89987,120
Yobe,Geidam,Sabon Gari,12.86009,11.90056,500
Yobe,Gujba,Yaga,11.208139,12.029898,1715
Yobe,Gujba,Tosuwa/B.Yarima,11.20437,12.02839,1659
Yobe,Gujba,Manyama/Malari,11.200563,12.031609,1365
Yobe,Gujba,Manyama / Yerima,11.200629,12.031651,2303
Yobe,Gujba,Tosuwa,11.204774,12.027102,1834
Yobe,Gujba,Yaga,11.207102,12.029071,2565
Yobe,Gujba,Bula-Bulin Zindiya Camp,11.215857,12.023658,518
Yobe,Gujba,Yarimari Sabuwa Camp,11.196059,12.018359,539
Yobe,Gujba,Gomari,11.273613,12.01117,5355
Yobe,Gujba,Kasatchia,11.2842,12.00308,8057
Yobe,Gujba,Shuwari,11.28339,12.013578,7735
Yobe,Gujba,Kasatchia/Mairi,11.27996,12.00159,13419
Yobe,Gujba,Ngomari/ Lowcost,11.257724,12.012032,6468
Yobe,Gujba,Shuwari/Hausari,11.283411,12.013553,18914
Yobe,Gujba,Meleri ,11.511252,12.001788,815
Yobe,Gujba,Ngamma,11.518802,11.973312,1715
Yobe,Gujba,Mairi/Ajiyari,11.50081,11.93639,2184
Yobe,Gujba,Fulatari,11.49927,11.93159,1456
Yobe,Gujba,Katarko,11.56296,11.91726,3787
Yobe,Gujba,Garin Itace,11.607968,11.919208,1806
Yobe,Gujba,Fulatari,11.497392,11.930114,2618
Yobe,Gujba,Garin Itace,11.610832,11.922323,1834
Yobe,Gujba,Katarko,11.56427,11.913996,6321
Yobe,Gujba,Mairi/ Ajiyari,11.503792,11.935241,3878
Yobe,Gujba,Fulatari 2,11.500773,11.932308,777
Yobe,Gujba,Ajiyari 2,11.503048,11.93347,672
Yobe,Gujba,Katarko 2 Camp,11.566466,11.916946,427
Yobe,Gujba,Meleri,11.51269,12.00225,815
Yobe,Gujba,Ngamma Camp,11.519702,11.97476,1715
Yobe,Gujba,Kasatchia Camp,11.44398,11.953333,590
Yobe,Gujba,Mutai,11.26571,11.72135,1393
Yobe,Gujba,Chiromari,11.266315,11.719995,2310
Yobe,Gujba,Chiromari,11.265067,11.722107,1603
Yobe,Gujba,Mutai,11.264771,11.721442,1743
Yobe,Gujba,Lawanti,11.353812,11.809535,1232
Yobe,Gujba,Tsangayari,11.348646,11.806919,2191
Yobe,Gujba,Lawanti,11.351322,11.810276,2744
Yobe,Gujba,Tsangayari,11.346342,11.807267,2376
Yobe,Gulani,Anguwa Aduwa,10.93369,11.68343,2632
Yobe,Gulani,Gala Baggoma,10.93694,11.68171,3000
Yobe,Gulani,Gala Chiroma,10.93714,11.68243,2812
Yobe,Gulani,Gala Dala,10.93684,11.68287,2565
Yobe,Gulani,Gala Geldima,10.93512,11.68258,2595
Yobe,Gulani,Liman Kagana,10.81015,11.72552,111
Yobe,Gulani,Tetteba Market,10.81232,11.72884,97
Yobe,Gulani,Lawan Palace,10.81219,11.7283,65
Yobe,Gulani,Tudu Mubiyel,10.80776,11.72908,78
Yobe,Gulani,Tetteba Primary/Goburawa,10.80964,11.73383,65
Yobe,Gulani,Goburawa/ Pri Sch,10.8102,11.73469,2520
Yobe,Gulani,Lawan Kagana,10.80107,11.72567,2565
Yobe,Gulani,Lawan Place,10.81192,11.72818,2685
Yobe,Gulani,Tetteba Market,10.81229,11.72679,2940
Yobe,Gulani,Tudu Mubiyal,10.8087,11.72858,2595
Yobe,Gulani,Old Market/Shuaibu Gate,11.07248,11.80352,91
Yobe,Gulani,Tsangaya Gabas,11.0719,11.80557,65
Yobe,Gulani,Fulatari,11.06694,11.80692,123
Yobe,Gulani,Lawanti/Ajari,11.071443,11.80488,130
Yobe,Gulani,Mai Angwan Tela,11.07255,11.80005,78
Yobe,Gulani,Kukuwa,11.10358,11.90138,163
Yobe,Gulani,Alh Sha'Aibu Gate,11.07148,11.80567,2805
Yobe,Gulani,Fulatari,11.06795,11.80843,2475
Yobe,Gulani,Kukawa/Zango,11.10438,11.89913,5850
Yobe,Gulani,Lawanti,11.07077,11.80304,2970
Yobe,Gulani,Mai Anguwa Tela,11.07062,11.79924,2617
Yobe,Gulani,Old Market,11.07285,11.80066,2745
Yobe,Gulani,Bulamari,11.03814,11.73315,162
Yobe,Gulani,Kukan Daru,11.03507,11.73294,78
Yobe,Gulani,Bulumkutu/Tike,11.0385,11.72813,130
Yobe,Gulani,Gargari Sabuwa,11.03117,11.73535,123
Yobe,Gulani,Ningi/Goniri,11.03581,11.73968,143
Yobe,Gulani,Bulamari,11.03596,11.73049,2925
Yobe,Gulani,Bulunkutu/Tike,11.03866,11.72968,3480
Yobe,Gulani,Gargari Sabuwa,11.03016,11.73354,2865
Yobe,Gulani,Kukan Daru,11.03427,11.72935,2640
Yobe,Gulani,Ningi/Goneri,11.03756,11.73353,3225
Yobe,Gulani,Galamai/Bujuhum,10.7249,11.68998,91
Yobe,Gulani,Gala Bahama,10.72434,11.68849,90
Yobe,Gulani,Gala Ciroma,10.72757,11.68889,65
Yobe,Gulani,Gala Bata,10.72803,11.68951,2662
Yobe,Gulani,Gala Chiroma,10.72652,11.68977,2430
Yobe,Gulani,Gala Hwati,10.72719,11.68996,2550
Yobe,Gulani,Gala Mai,10.72501,11.68999,2625
Yobe,Gulani,Gala Nahamma,10.72421,11.68874,2715
Yobe,Gulani,Unguwan Kudu/Asibiti,10.95646,11.60531,130
Yobe,Gulani,Bulamari,10.95639,11.61091,111
Yobe,Gulani,Bakin Tasha,10.95694,11.6055,123
Yobe,Gulani,Anguwar Kudu / Asibiti,10.95725,11.61114,3247
Yobe,Gulani,Bakin Tasha,10.81227,11.72678,2947
Yobe,Gulani,Bulamari,10.95519,11.60571,2640
Yobe,Jakusko,Saminaka,12.27028,10.84881,70
Yobe,Jakusko,Gurbana,12.1997,10.88009,72
Yobe,Jakusko,Lawan Buduwa,12.20239,10.87932,201
Yobe,Jakusko,Katan Gana,12.58605,10.89257,123
Yobe,Jakusko,Dumbari,12.58481,10.73697,163
Yobe,Jakusko,Tidiniya,12.58626,10.78352,90
Yobe,Jakusko,Bayam,12.4288,10.84266,71
Yobe,Jakusko,Lafiyari,12.46938,10.87422,73
Yobe,Jakusko,Lawan Unit,12.56284,10.92704,252
Yobe,Jakusko,Dakido,12.37277,10.77633,379
Yobe,Jakusko,Lawanti,12.36658,10.77161,199
Yobe,Jakusko,District Head,12.36951,10.77384,139
Yobe,Jakusko,Jawur Lamba,12.74028,10.92239,81
Yobe,Jakusko,Jawur Kaya,12.73192,10.91669,70
Yobe,Jakusko,Maleka,12.72748,10.90869,86
Yobe,Jakusko,Zabudum,12.72388,10.85105,164
Yobe,Jakusko,Dachia,12.74893,10.78257,299
Yobe,Jakusko,Amshi,12.69617,10.83343,377
Yobe,Karasuwa,Bursari,12.894638,10.90948,35
Yobe,Karasuwa,Bukarti,12.8942,10.90901,98
Yobe,Karasuwa,Kasuwa,12.89393,10.90833,182
Yobe,Karasuwa,Angwa Sarki,12.89091,10.70115,33
Yobe,Karasuwa,Kasuwa,12.8849,10.69912,20
Yobe,Karasuwa,Usmanti,12.88888,10.70076,25
Yobe,Karasuwa,Gasma,12.874724,10.874724,136
Yobe,Karasuwa,Zango Gasma,12.87806,10.99329,76
Yobe,Karasuwa,Anguwan Kudu,12.89543,10.80759,195
Yobe,Karasuwa,Angwa Bakale,12.89681,10.80821,175
Yobe,Karasuwa,Bulamari,12.89993,10.80835,130
Yobe,Karasuwa,Jajimaji,12.89911,10.8052,272
Yobe,Karasuwa,Lawanti,12.8997,10.80744,208
Yobe,Karasuwa,Bakin Tasha,12.913556,10.59632,190
Yobe,Karasuwa,Dogon Daji,12.91341,10.57134,94
Yobe,Karasuwa,Kawo,12.9145,10.59758,160
Yobe,Karasuwa,Bakin Titi,12.824629,10.527727,159
Yobe,Karasuwa,Lawanti,12.82473,10.53036,35
Yobe,Karasuwa,Wachakal,12.822343,10.529041,100
Yobe,Machina,Tsangaya,12.91757,9.90204,90
Yobe,Machina,K/Fada,12.91715,9.90284,63
Yobe,Machina,K/Fada,12.89949,9.76514,103
Yobe,Machina,U/Kanji,12.89927,9.76328,133
Yobe,Machina,Tsangaya,12.89872,9.76763,97
Yobe,Machina,K/Fada,13.06575,9.93258,144
Yobe,Machina,B/Kasuwa,13.06721,9.93241,185
Yobe,Machina,K/Fada,13.0496,10.16309,94
Yobe,Machina,Tsangaya,13.04856,10.1641,144
Yobe,Machina,K/Lawan,13.04805,10.16592,175
Yobe,Machina,Hausari,13.13623,10.04696,148
Yobe,Machina,Talbari,13.14033,10.04969,108
Yobe,Machina,Gabarawa,13.13451,10.04786,142
Yobe,Machina,Machina Kwari,13.13844,10.04749,55
Yobe,Machina,K/Fada,13.00766,9.99795,69
Yobe,Machina,B/Kasuwa,13.00738,9.99616,62
Yobe,Machina,Tsangaya,12.84255,9.81835,72
Yobe,Machina,K/Lawan,12.84356,9.81935,88
Yobe,Nangere,Bakin Tasha,11.97617,10.95227,273
Yobe,Nangere,Bakin Tike,11.98031,10.95109,265
Yobe,Nangere,Degubi Primary,11.643557,10.98872,149
Yobe,Nangere,Tashan Gire,11.643747,10.987022,148
Yobe,Nangere,Dagare,11.600097,11.018733,202
Yobe,Nangere,Dawa,11.59889,11.01931,136
Yobe,Nangere,Anguwan Lamido,11.863707,11.073567,228
Yobe,Nangere,Anguwan Sarki,11.846225,11.073637,251
Yobe,Nangere,Kanda,11.80429,11.0759,127
Yobe,Nangere,Bakin Kasuwa,11.80572,10.992193,142
Yobe,Nangere,Yamma,11.80482,10.995156,148
Yobe,Nguru,Mamman Shayi,12.89642,10.45563,218
Yobe,Nguru,Yan Chiyawa,12.87178,10.46401,401
Yobe,Nguru,Filin Gyada,12.87093,10.45711,23
Yobe,Nguru,Yan Dara,12.87196,10.45841,189
Yobe,Nguru,Lawanti,13.02957,10.41974,57
Yobe,Nguru,Bakin Kasuwa,13.03007,10.41719,33
Yobe,Nguru,Kofan Lawani,12.86124,10.5559,24
Yobe,Nguru,Mainar Mahaukaci,12.87986,10.43359,385
Yobe,Nguru,Ramin Birki,12.88442,10.43202,504
Yobe,Nguru,Quarters,12.88866,10.43245,388
Yobe,Nguru,Anguwan Dagaci,12.87347,10.41962,252
Yobe,Nguru,Anguwan Liba,12.87312,10.42222,122
Yobe,Nguru,Anguwan Gabas,12.86043,10.4328,145
Yobe,Nguru,Bakin Jinga,12.85773,10.42555,50
Yobe,Nguru,Gidan Kuka,12.85927,10.43138,110
Yobe,Nguru,Fmc,12.88551,10.44024,555
Yobe,Nguru,Government College,12.86617,10.42319,284
Yobe,Nguru,Gidan Ganye,12.87932,10.44277,193
Yobe,Nguru,Hausari,12.87847,10.44826,199
Yobe,Nguru,Shukura,12.87509,10.45394,101
Yobe,Nguru,Sarkin Hausawa,12.87709,10.45132,195
Yobe,Nguru,Gangamari,12.8789,10.45839,143
Yobe,Nguru,Kadawa Meter,12.87896,10.46062,155
Yobe,Nguru,Meri,12.87741,10.45749,158
Yobe,Nguru,Kukada Tsamiya,12.87898,10.45977,141
Yobe,Nguru,Goni Karamsami,12.8795,10.45664,144
Yobe,Nguru,Burtori,12.88387,10.34446,44
Yobe,Nguru,Majema,12.88724,10.45319,212
Yobe,Nguru,Kantudu,12.88561,10.4631,165
Yobe,Nguru,Kulo Gande,12.88243,10.45424,343
Yobe,Nguru,Filin Idi,12.8861,10.4617,485
Yobe,Potiskum,Lai Lai,11.72211,11.04815,148
Yobe,Potiskum,Unguwar Jaji,11.69655,11.05216,253
Yobe,Potiskum,Mazaga,11.69408,11.05067,283
Yobe,Potiskum,G.R.A,11.71914,11.04985,155
Yobe,Potiskum,Bakin Kwari,11.70952,11.06529,120
Yobe,Potiskum,Idriss Abari,11.70945,11.07231,196
Yobe,Potiskum,Kandahar,11.70932,11.06073,249
Yobe,Potiskum,Masaka,11.70542,11.07043,74
Yobe,Potiskum,Kasuwa Dare,11.7058,11.07892,162
Yobe,Potiskum,Sabon Layi,11.70033,11.08523,100
Yobe,Potiskum,Unguwar Korama,11.70126,11.09607,123
Yobe,Potiskum,Ari Kime,11.72305,11.07984,437
Yobe,Potiskum,China,11.71815,11.07797,255
Yobe,Potiskum,Dadin Kowa,11.71542,11.09794,367
Yobe,Potiskum,Gongola - Lamba Idi,11.72821,11.08549,291
Yobe,Potiskum,Jakade Yakubu,11.73305,11.08153,42
Yobe,Potiskum,Masallacin Bare Bari,11.72234,11.08429,520
Yobe,Potiskum,Yan Kanwa Ramin Kasa,11.71882,11.08266,175
Yobe,Potiskum,Yandiski,11.72423,11.09126,427
Yobe,Potiskum,Moscow Line,11.71826,11.07468,131
Yobe,Potiskum,Rijiya Damboa,11.71671,11.07263,152
Yobe,Potiskum,Damboa,11.71401,11.07347,35
Yobe,Potiskum,Bayan General Hospital,11.72037,11.06755,77
Yobe,Potiskum,Layin Masallacin Juma'A,11.72391,11.06389,220
Yobe,Potiskum,Pataya,11.72341,11.06403,55
Yobe,Potiskum,Tsohuwar Kasuwa,11.71237,11.06322,72
Yobe,Potiskum,Tandari,11.72362,11.06308,207
Yobe,Potiskum,Adaya,11.68401,11.19608,51
Yobe,Potiskum,Bingel,11.67062,11.23463,48
Yobe,Potiskum,Mamudo,11.68913,11.18516,45
Yobe,Potiskum,Jigawa,11.68161,11.07654,154
Yobe,Potiskum,Nahuta Central,11.69035,11.07498,305
Yobe,Potiskum,Nahuta Primary,11.69116,11.07558,164
Yobe,Potiskum,Babut,11.69896,11.10361,171
Yobe,Potiskum,Barracks,11.69342,11.07683,492
Yobe,Potiskum,Fillin Allah,11.72578,11.10348,213
Yobe,Potiskum,Gishuwa Daboa,11.69513,11.11285,491
Yobe,Potiskum,Kukuwale,11.71661,11.10549,127
Yobe,Potiskum,Makabartan Prison,11.73154,11.09891,126
Yobe,Potiskum,Rafin Mai Burwaya,11.7272,11.10464,218
Yobe,Potiskum,Rigar Fulani,11.69886,11.09679,564
Yobe,Potiskum,Uganda,11.73299,11.08055,246
Yobe,Tarmuwa,Bulama Abdul,12.14745,11.77257,344
Yobe,Tarmuwa,Bulama Amadu,12.15921,11.77119,382
Yobe,Tarmuwa,Bulama Manu,12.15821,11.77445,489
Yobe,Tarmuwa,Bulama Maude,12.14857,11.77027,509
Yobe,Tarmuwa,Fannamiri,12.15344,11.77525,589
Yobe,Tarmuwa,Jattami,12.1561,11.76954,329
Yobe,Tarmuwa,Lamorde,12.15042,11.77391,256
Yobe,Tarmuwa,Bulama Mustapha,7.3534,10.1732,159
Yobe,Tarmuwa,Barkami,12.285778,11.89041,16
Yobe,Tarmuwa,Barkami,12.298682,11.913878,634
Yobe,Tarmuwa,Biriri,12.06951,11.80721,41
Yobe,Tarmuwa,Ajari,12.47443,11.5437,146
Yobe,Tarmuwa,B Gamshia,12.47343,11.54487,129
Yobe,Tarmuwa,Jammaina,12.47147,11.54176,58
Yobe,Tarmuwa,A Aska,12.16431,11.4698,22
Yobe,Tarmuwa,A Baribari,12.16275,11.47164,46
Yobe,Tarmuwa,Platari,12.165,11.47231,30
Yobe,Tarmuwa,Lantewa,12.1870154,11.7738618,152
Yobe,Tarmuwa,Kolori,12.14854,11.6845,41
Yobe,Tarmuwa,Lawanti,12.14837,11.68639,33
Yobe,Tarmuwa,Wanzamari,12.14734,11.68493,68
Yobe,Yunusari,Lawandi,12.98768,11.96872,188
Yobe,Yunusari,Lawandi,12.98762,11.96861,586
Yobe,Yunusari,Unguwar M Adamu,12.98929,11.96989,400
Yobe,Yunusari,Unguwar Kwarawa Camp,12.98704,11.96704,93
Yobe,Yunusari,Dilala,13.11474,11.60118,94
Yobe,Yunusari,Kalgi Alhadeji Kaderi,13.06382,11.46503,78
Yobe,Yunusari,Kalgi Lawandi,13.06602,11.46558,105
Yobe,Yunusari,Bulama Bukarti,13.0995,12.11005,105
Yobe,Yunusari,Hausari,13.09833,12.1073,187
Yobe,Yunusari,Bulama Bukharti,13.09947,12.10994,989
Yobe,Yunusari,Chilimgi,13.09897,12.10812,541
Yobe,Yunusari,Hausari,13.09769,12.10771,1035
Yobe,Yunusari,Wakilti,13.10149,12.10953,835
Yobe,Yunusari,Unguwar Arewa,12.91774,11.88449,114
Yobe,Yunusari,Lawanti,12.91826,11.88562,75
Yobe,Yunusari,Fulatari,12.91626,11.88532,112
Yobe,Yunusari,Fulatari,12.91646,11.88561,377
Yobe,Yunusari,Lawanti,12.91726,11.8853,541
Yobe,Yunusari,Malasandi,12.94853,11.84305,1420
Yobe,Yunusari,Unguwar Arewa,12.92002,11.88297,344
Yobe,Yunusari,Shettimari,13.14742,11.54256,148
Yobe,Yunusari,Kanidi,13.15124,11.53956,188
Yobe,Yunusari,Unguwar Tudu,13.15286,11.53765,103
Yobe,Yunusari,Goni Bukharti,13.14875,11.53886,150
Yobe,Yunusari,Kafiya,13.07362,11.6737,130
Yobe,Yunusari,Bukarti,13.0919,11.77718,227
Yobe,Yunusari,Wubibari   Bulamari,12.97591,11.81778,1134
Yobe,Yunusari,Wuribari Bonidi,12.97564,11.81551,650
Yobe,Yunusari,Zai Fulatari,12.95615,11.85046,292
Yobe,Yunusari,Zai Lawandi,12.95834,11.85266,527
Yobe,Yusufari,Kachallari,12.97776,11.11079,128
Yobe,Yusufari,Shedika,13.06801,11.17799,152
Yobe,Yusufari,Sunomari,13.074695,11.173034,179
Yobe,Yusufari,Kachallari,12.97776,11.11079,153
Yobe,Yusufari,Bula Tura,13.34822,11.23068,134
Yobe,Yusufari,Shedika,13.05744,11.169836,168
Yobe,Yusufari,Sunomari,13.062903,11.171463,332
Yobe,Yusufari,Usmanti,13.035524,11.270348,42
Yobe,Yusufari,Lawanti,12.97902,11.35301,194
Yobe,Yusufari,Ganawa,13.04377,11.31842,99
Yobe,Yusufari,Ganawa,13.04336,11.31724,220
Yobe,Yusufari,Fujiganari,13.03849,10.94377,132
Yobe,Yusufari,Kaska Tulo Tulo,13.37092,11.00891,142
Yobe,Yusufari,Shengaya,13.15349,10.63332,50
Yobe,Yusufari,Kumagannari,13.15521,10.63688,57
Yobe,Yusufari,Harande,13.1229,10.61137,700
Yobe,Yusufari,Shangaya,13.155149,10.634017,700
Yobe,Yusufari,Maimalari,13.06383,11.05323,115
Yobe,Yusufari,Bula Aisami,13.06869,11.05774,54
Yobe,Yusufari,Ajari,13.06482,11.17589,166
Yobe,Yusufari,Lawanti,13.06267,11.17547,148
Yobe,Yusufari,Galtimari,13.06557,11.17734,103
Yobe,Yusufari,Ajari,13.063624,11.173699,403
Yobe,Yusufari,Zango Manga,13.07251,11.17168,171
